dataset,image,metric,lower_better,condition,time,score
blurred,0003_lp_dnn_5_truck_10_n04467665_34253.png,sseq,True,5,0.040869,69.6942093017218
blurred,0004_lp_dnn_1_clock_10_n04548280_5320.png,sseq,True,1,0.038439,49.0088902629726
blurred,0005_lp_dnn_3_dog_10_n02108915_3652.png,sseq,True,3,0.039473,62.1534889500167
blurred,0006_lp_dnn_7_keyboard_10_n04505470_578.png,sseq,True,7,0.03738,62.9384229105693
blurred,0007_lp_dnn_7_cat_10_n02123597_3842.png,sseq,True,7,0.037055,67.882106994027
blurred,0008_lp_dnn_1_bear_10_n02134418_14.png,sseq,True,1,0.037189,41.8083245214142
blurred,0009_lp_dnn_10_knife_10_n03041632_29920.png,sseq,True,10,0.036425,70.3106972943625
blurred,0010_lp_dnn_5_bird_10_n01795545_952.png,sseq,True,5,0.036195,67.026841155105
blurred,0011_lp_dnn_3_bear_10_n02132136_6441.png,sseq,True,3,0.036398,57.5230916120276
blurred,0012_lp_dnn_3_bird_10_n01829413_8792.png,sseq,True,3,0.036308,58.2190178508918
blurred,0013_lp_dnn_7_keyboard_10_n04505470_4458.png,sseq,True,7,0.036304,68.8330597704517
blurred,0014_lp_dnn_10_chair_10_n03376595_9176.png,sseq,True,10,0.036975,72.6329661483007
blurred,0017_lp_dnn_5_oven_10_n04111531_1580.png,sseq,True,5,0.039788,63.5503580797648
blurred,0018_lp_dnn_1_elephant_10_n02504458_900.png,sseq,True,1,0.039545,35.3269607875747
blurred,0019_lp_dnn_7_dog_10_n02106662_2384.png,sseq,True,7,0.037095,68.2085028422885
blurred,0020_lp_dnn_10_truck_10_n03796401_22618.png,sseq,True,10,0.036584,74.8690757670205
blurred,0021_lp_dnn_15_elephant_10_n02504013_5463.png,sseq,True,15,0.036568,73.6794228451541
blurred,0022_lp_dnn_10_chair_10_n04429376_16459.png,sseq,True,10,0.036545,70.6074111658808
blurred,0023_lp_dnn_1_cat_10_n02123045_12206.png,sseq,True,1,0.036931,44.5825533222911
blurred,0024_lp_dnn_7_truck_10_n03417042_2633.png,sseq,True,7,0.036598,68.5738236509107
blurred,0025_lp_dnn_15_keyboard_10_n03085013_24416.png,sseq,True,15,0.036317,76.8450770626477
blurred,0026_lp_dnn_7_car_10_n02814533_44503.png,sseq,True,7,0.036312,71.2371888650727
blurred,0027_lp_dnn_5_elephant_10_n02504458_5797.png,sseq,True,5,0.036359,62.9631197009995
blurred,0028_lp_dnn_0_chair_10_n04429376_8237.png,sseq,True,0,0.037976,23.4564210251246
blurred,0029_lp_dnn_7_cat_10_n02123159_587.png,sseq,True,7,0.03793,66.2734362507309
blurred,0030_lp_dnn_10_bird_10_n02028035_17238.png,sseq,True,10,0.036707,70.3515124192962
blurred,0032_lp_dnn_5_boat_10_n04273569_22332.png,sseq,True,5,0.036403,72.9955615984835
blurred,0033_lp_dnn_1_elephant_10_n02504013_1244.png,sseq,True,1,0.037449,42.2702154149294
blurred,0034_lp_dnn_7_bicycle_10_n03792782_30229.png,sseq,True,7,0.037647,68.5919827226027
blurred,0035_lp_dnn_10_keyboard_10_n03085013_7573.png,sseq,True,10,0.037254,73.0309349866514
blurred,0036_lp_dnn_3_keyboard_10_n03085013_24578.png,sseq,True,3,0.03686,63.0175630792025
blurred,0037_lp_dnn_15_truck_10_n03417042_1336.png,sseq,True,15,0.03663,75.6272993000755
blurred,0038_lp_dnn_3_knife_10_n03041632_7495.png,sseq,True,3,0.036896,60.9944582796403
blurred,0039_lp_dnn_0_car_10_n03100240_9625.png,sseq,True,0,0.037132,35.2885634655791
blurred,0040_lp_dnn_10_elephant_10_n02504458_6107.png,sseq,True,10,0.036371,73.7702434626586
blurred,0041_lp_dnn_0_bicycle_10_n03792782_33649.png,sseq,True,0,0.037094,31.7340032953843
blurred,0042_lp_dnn_1_clock_10_n03196217_8282.png,sseq,True,1,0.038074,50.7515509365915
blurred,0043_lp_dnn_7_keyboard_10_n03085013_21534.png,sseq,True,7,0.037039,69.278727700274
blurred,0044_lp_dnn_15_elephant_10_n02504013_22813.png,sseq,True,15,0.036382,75.4996468310344
blurred,0045_lp_dnn_10_truck_10_n03796401_16425.png,sseq,True,10,0.036571,69.3482458570033
blurred,0046_lp_dnn_15_airplane_10_n02690373_9427.png,sseq,True,15,0.036279,75.1407809394578
blurred,0047_lp_dnn_7_bird_10_n02009912_11907.png,sseq,True,7,0.036618,70.0170827256464
blurred,0048_lp_dnn_1_airplane_10_n02690373_5773.png,sseq,True,1,0.036649,60.6428928412618
blurred,0050_lp_dnn_1_bird_10_n01819313_18188.png,sseq,True,1,0.041334,40.3644350153272
blurred,0051_lp_dnn_5_car_10_n04285008_7428.png,sseq,True,5,0.038068,66.2448863846079
blurred,0052_lp_dnn_7_bottle_10_n04591713_6923.png,sseq,True,7,0.038336,68.6011037141714
blurred,0053_lp_dnn_0_knife_10_n03041632_22570.png,sseq,True,0,0.038779,23.3553118157245
blurred,0054_lp_dnn_0_bear_10_n02132136_7586.png,sseq,True,0,0.037926,9.3808605747539
blurred,0055_lp_dnn_5_clock_10_n04548280_9144.png,sseq,True,5,0.038068,66.6898072218045
blurred,0056_lp_dnn_0_bottle_10_n04591713_2680.png,sseq,True,0,0.038243,30.6872445502831
blurred,0057_lp_dnn_3_cat_10_n02123045_1596.png,sseq,True,3,0.037353,59.8886517276507
blurred,0058_lp_dnn_10_cat_10_n02123597_19450.png,sseq,True,10,0.037059,70.5362156278017
blurred,0059_lp_dnn_15_chair_10_n03376595_3462.png,sseq,True,15,0.03703,77.0644123316768
blurred,0060_lp_dnn_3_bottle_10_n04591713_3683.png,sseq,True,3,0.037698,59.3220905095046
blurred,0061_lp_dnn_7_clock_10_n03196217_4309.png,sseq,True,7,0.036961,77.7264856010731
blurred,0062_lp_dnn_15_bear_10_n02134084_4923.png,sseq,True,15,0.036963,72.4441909286588
blurred,0063_lp_dnn_1_chair_10_n04429376_5238.png,sseq,True,1,0.037653,38.0276288818353
blurred,0064_lp_dnn_0_clock_10_n03196217_2414.png,sseq,True,0,0.037671,20.115043083033
blurred,0065_lp_dnn_3_bird_10_n01797886_2711.png,sseq,True,3,0.037585,56.338614441998
blurred,0066_lp_dnn_15_truck_10_n04467665_68463.png,sseq,True,15,0.0382,83.3523680961361
blurred,0067_lp_dnn_0_truck_10_n03417042_10099.png,sseq,True,0,0.038011,30.1131609734033
blurred,0068_lp_dnn_10_bear_10_n02134418_3793.png,sseq,True,10,0.038817,75.1113752902281
blurred,0069_lp_dnn_10_bottle_10_n03937543_9524.png,sseq,True,10,0.03899,68.1502551389431
blurred,0070_lp_dnn_3_cat_10_n02123394_1038.png,sseq,True,3,0.03788,65.9771216385356
blurred,0071_lp_dnn_5_dog_10_n02110185_7886.png,sseq,True,5,0.037498,70.57178639797
blurred,0072_lp_dnn_3_clock_10_n02708093_4912.png,sseq,True,3,0.037209,59.5215635411013
blurred,0073_lp_dnn_15_dog_10_n02108422_932.png,sseq,True,15,0.036664,72.2070225828104
blurred,0074_lp_dnn_0_truck_10_n04467665_18621.png,sseq,True,0,0.037653,31.5016752130346
blurred,0075_lp_dnn_1_truck_10_n04467665_50932.png,sseq,True,1,0.038176,42.7889413748586
blurred,0076_lp_dnn_1_dog_10_n02102480_7293.png,sseq,True,1,0.037215,43.0727591299657
blurred,0077_lp_dnn_1_bottle_10_n04591713_4764.png,sseq,True,1,0.037039,39.1486545243434
blurred,0078_lp_dnn_15_clock_10_n02708093_274.png,sseq,True,15,0.036772,71.9460616675602
blurred,0079_lp_dnn_5_bottle_10_n04557648_29772.png,sseq,True,5,0.036699,62.677306112268
blurred,0080_lp_dnn_15_car_10_n03100240_22499.png,sseq,True,15,0.036632,85.9159634951065
blurred,0081_lp_dnn_3_clock_10_n02708093_6252.png,sseq,True,3,0.039994,62.0403470449391
blurred,0082_lp_dnn_10_airplane_10_n02690373_5427.png,sseq,True,10,0.039067,81.0844430030071
blurred,0083_lp_dnn_15_dog_10_n02107142_46045.png,sseq,True,15,0.03795,73.825737041004
blurred,0085_lp_dnn_3_bicycle_10_n03792782_12421.png,sseq,True,3,0.036974,60.0442069503035
blurred,0086_lp_dnn_0_airplane_10_n02690373_1310.png,sseq,True,0,0.037446,39.2631081189654
blurred,0087_lp_dnn_15_oven_10_n04111531_8793.png,sseq,True,15,0.036686,82.5782058899578
blurred,0088_lp_dnn_5_airplane_10_n02690373_633.png,sseq,True,5,0.036909,66.7303418487313
blurred,0089_lp_dnn_5_clock_10_n02708093_2307.png,sseq,True,5,0.036875,62.7735838851955
blurred,0090_lp_dnn_10_oven_10_n04111531_13795.png,sseq,True,10,0.037009,73.1742539006542
blurred,0091_lp_dnn_3_boat_10_n03662601_1427.png,sseq,True,3,0.036736,63.7206996988861
blurred,0092_lp_dnn_5_boat_10_n04612504_15944.png,sseq,True,5,0.036751,62.9996845998004
blurred,0094_lp_dnn_7_elephant_10_n02504458_1848.png,sseq,True,7,0.036761,66.714246638675
blurred,0095_lp_dnn_5_oven_10_n04111531_4155.png,sseq,True,5,0.038702,64.9638414958058
blurred,0096_lp_dnn_0_car_10_n03100240_8327.png,sseq,True,0,0.037935,16.679097656319
blurred,0097_lp_dnn_0_chair_10_n04429376_24319.png,sseq,True,0,0.037593,24.5084943202123
blurred,0098_lp_dnn_3_chair_10_n03376595_5112.png,sseq,True,3,0.038186,56.8802585347171
blurred,0099_lp_dnn_1_cat_10_n02124075_2268.png,sseq,True,1,0.037753,38.1547653418607
blurred,0100_lp_dnn_3_boat_10_n04273569_1137.png,sseq,True,3,0.036657,56.6153239256486
blurred,0101_lp_dnn_1_chair_10_n02791124_15383.png,sseq,True,1,0.038832,41.9589516973124
blurred,0102_lp_dnn_15_clock_10_n04548280_8998.png,sseq,True,15,0.03653,75.1739875319727
blurred,0103_lp_dnn_0_dog_10_n02097047_2800.png,sseq,True,0,0.037241,14.5440028232701
blurred,0104_lp_dnn_15_bicycle_10_n03792782_18294.png,sseq,True,15,0.036881,76.1793606268868
blurred,0105_lp_dnn_0_elephant_10_n02504013_24486.png,sseq,True,0,0.037727,28.0194154594836
blurred,0106_lp_dnn_7_airplane_10_n02690373_2923.png,sseq,True,7,0.036791,72.5001908480975
blurred,0107_lp_dnn_3_airplane_10_n02690373_15392.png,sseq,True,3,0.036584,58.7691636347395
blurred,0108_lp_dnn_5_oven_10_n04111531_6080.png,sseq,True,5,0.039625,66.1608951609268
blurred,0109_lp_dnn_15_bear_10_n02134084_22736.png,sseq,True,15,0.038027,74.1963781924394
blurred,0110_lp_dnn_1_knife_10_n03041632_33326.png,sseq,True,1,0.037752,43.6552491790915
blurred,0113_lp_dnn_7_bicycle_10_n03792782_5416.png,sseq,True,7,0.037555,64.4847249608119
blurred,0114_lp_dnn_7_knife_10_n03041632_25772.png,sseq,True,7,0.038051,67.3136584365757
blurred,0115_lp_dnn_10_bicycle_10_n03792782_7108.png,sseq,True,10,0.037493,71.3279423723866
blurred,0116_lp_dnn_0_chair_10_n03376595_1981.png,sseq,True,0,0.039306,21.6339091409663
blurred,0117_lp_dnn_15_oven_10_n04111531_6508.png,sseq,True,15,0.036765,78.7637818614845
blurred,0118_lp_dnn_15_bird_10_n01843383_2843.png,sseq,True,15,0.036539,70.2141912343075
blurred,0119_lp_dnn_5_cat_10_n02123597_5887.png,sseq,True,5,0.03675,61.8271514178726
blurred,0121_lp_dnn_1_bird_10_n01530575_10332.png,sseq,True,1,0.037186,43.8401027229041
blurred,0122_lp_dnn_15_elephant_10_n02504013_5887.png,sseq,True,15,0.03802,72.8079622070641
blurred,0123_lp_dnn_3_cat_10_n02124075_8693.png,sseq,True,3,0.037695,62.947352271266
blurred,0124_lp_dnn_15_boat_10_n04612504_26151.png,sseq,True,15,0.036858,83.4072027655527
blurred,0125_lp_dnn_7_cat_10_n02125311_53412.png,sseq,True,7,0.036934,70.0201773717447
blurred,0126_lp_dnn_7_knife_10_n03041632_46914.png,sseq,True,7,0.036632,73.1108376977789
blurred,0127_lp_dnn_15_bicycle_10_n03792782_5629.png,sseq,True,15,0.036531,74.1517881348739
blurred,0129_lp_dnn_3_dog_10_n02101006_5024.png,sseq,True,3,0.037822,59.5589079423413
blurred,0130_lp_dnn_15_oven_10_n04111531_2350.png,sseq,True,15,0.038265,74.0892253523428
blurred,0131_lp_dnn_7_airplane_10_n02690373_4839.png,sseq,True,7,0.037335,71.6779840994549
blurred,0132_lp_dnn_5_car_10_n03100240_2075.png,sseq,True,5,0.037031,65.715741630365
blurred,0133_lp_dnn_5_cat_10_n02123159_3729.png,sseq,True,5,0.037125,65.5636944246498
blurred,0134_lp_dnn_10_knife_10_n03041632_3079.png,sseq,True,10,0.037071,71.8786986551263
blurred,0135_lp_dnn_15_elephant_10_n02504013_2052.png,sseq,True,15,0.040291,78.1995197823997
blurred,0137_lp_dnn_15_keyboard_10_n03085013_7955.png,sseq,True,15,0.03704,79.003130706862
blurred,0139_lp_dnn_10_cat_10_n02125311_44401.png,sseq,True,10,0.037021,67.8997663275727
blurred,0140_lp_dnn_10_airplane_10_n02690373_10657.png,sseq,True,10,0.037195,68.609946786445
blurred,0141_lp_dnn_5_bird_10_n02025239_7919.png,sseq,True,5,0.037211,61.5294372836689
blurred,0144_lp_dnn_5_keyboard_10_n04505470_4371.png,sseq,True,5,0.037038,63.5128461137677
blurred,0145_lp_dnn_0_keyboard_10_n03085013_14237.png,sseq,True,0,0.037717,19.8124550504769
blurred,0146_lp_dnn_0_clock_10_n03196217_6163.png,sseq,True,0,0.038888,36.6492643354513
blurred,0147_lp_dnn_15_chair_10_n02791124_3857.png,sseq,True,15,0.037391,72.6542020742565
blurred,0149_lp_dnn_0_truck_10_n04467665_17101.png,sseq,True,0,0.039751,30.9651474436154
blurred,0150_lp_dnn_1_chair_10_n04429376_19354.png,sseq,True,1,0.037883,49.2820267883475
blurred,0151_lp_dnn_0_knife_10_n03041632_42156.png,sseq,True,0,0.037436,32.5624237742667
blurred,0152_lp_dnn_1_car_10_n04285008_39.png,sseq,True,1,0.037557,38.5611191816665
blurred,0153_lp_dnn_1_boat_10_n03662601_1319.png,sseq,True,1,0.037209,46.1124714713497
blurred,0154_lp_dnn_7_truck_10_n03796401_4119.png,sseq,True,7,0.036934,68.4899124631875
blurred,0155_lp_dnn_15_bottle_10_n03937543_2333.png,sseq,True,15,0.036862,76.7426515667707
blurred,0156_lp_dnn_3_bottle_10_n04591713_7134.png,sseq,True,3,0.037236,82.7665139321221
blurred,0157_lp_dnn_0_dog_10_n02107312_3673.png,sseq,True,0,0.03771,41.3222713203967
blurred,0158_lp_dnn_3_oven_10_n04111531_8373.png,sseq,True,3,0.037171,62.5219336717527
blurred,0159_lp_dnn_3_car_10_n03100240_13707.png,sseq,True,3,0.037164,63.6345115196841
blurred,0160_lp_dnn_1_chair_10_n02791124_241.png,sseq,True,1,0.037022,49.0738606306189
blurred,0161_lp_dnn_7_airplane_10_n02690373_5628.png,sseq,True,7,0.037791,80.69584114628
blurred,0163_lp_dnn_7_keyboard_10_n04505470_4501.png,sseq,True,7,0.039015,64.678579126226
blurred,0164_lp_dnn_1_bird_10_n02033041_11415.png,sseq,True,1,0.041385,44.2947373441957
blurred,0165_lp_dnn_1_knife_10_n03041632_6446.png,sseq,True,1,0.038773,37.2482309594942
blurred,0166_lp_dnn_0_bird_10_n02011460_3892.png,sseq,True,0,0.040764,35.9838274179609
blurred,0167_lp_dnn_1_cat_10_n02125311_3174.png,sseq,True,1,0.037785,38.2147775368993
blurred,0168_lp_dnn_10_dog_10_n02088364_7448.png,sseq,True,10,0.038187,68.4587268982228
blurred,0169_lp_dnn_1_cat_10_n02123394_4299.png,sseq,True,1,0.038046,49.1466546513852
blurred,0170_lp_dnn_15_keyboard_10_n03085013_23731.png,sseq,True,15,0.037255,64.3120830406536
blurred,0171_lp_dnn_5_knife_10_n03041632_29285.png,sseq,True,5,0.037244,66.2924455267062
blurred,0172_lp_dnn_0_keyboard_10_n03085013_12164.png,sseq,True,0,0.03742,27.1429563589294
blurred,0173_lp_dnn_5_bird_10_n01582220_9023.png,sseq,True,5,0.037182,64.4470648030796
blurred,0174_lp_dnn_3_bottle_10_n03983396_12728.png,sseq,True,3,0.038101,58.7205462470303
blurred,0175_lp_dnn_7_dog_10_n02111277_50807.png,sseq,True,7,0.038386,68.0714435634682
blurred,0176_lp_dnn_5_boat_10_n04273569_2037.png,sseq,True,5,0.03763,69.8400565998813
blurred,0178_lp_dnn_10_boat_10_n03662601_12034.png,sseq,True,10,0.037672,72.1829523027248
blurred,0179_lp_dnn_15_airplane_10_n02690373_5845.png,sseq,True,15,0.037176,82.1887368752142
blurred,0180_lp_dnn_5_truck_10_n03417042_12128.png,sseq,True,5,0.037125,63.3388665601021
blurred,0181_lp_dnn_10_keyboard_10_n03085013_2432.png,sseq,True,10,0.037145,78.7880300683789
blurred,0182_lp_dnn_5_chair_10_n03376595_9692.png,sseq,True,5,0.037242,63.3249418273273
blurred,0183_lp_dnn_3_chair_10_n03376595_12583.png,sseq,True,3,0.036825,64.0094816238843
blurred,0184_lp_dnn_0_bear_10_n02133161_2135.png,sseq,True,0,0.037862,16.1536210850401
blurred,0185_lp_dnn_10_airplane_10_n02690373_5176.png,sseq,True,10,0.036807,75.5237771449544
blurred,0186_lp_dnn_0_elephant_10_n02504013_10990.png,sseq,True,0,0.037412,18.2150415112802
blurred,0187_lp_dnn_10_boat_10_n02951358_3155.png,sseq,True,10,0.036973,73.9285731440879
blurred,0188_lp_dnn_1_knife_10_n03041632_2644.png,sseq,True,1,0.040557,39.39947563141
blurred,0189_lp_dnn_5_airplane_10_n02690373_5184.png,sseq,True,5,0.037425,69.9074212417037
blurred,0190_lp_dnn_0_chair_10_n04099969_16161.png,sseq,True,0,0.03853,18.5366212739493
blurred,0191_lp_dnn_10_boat_10_n03344393_5343.png,sseq,True,10,0.036689,76.2153292818219
blurred,0192_lp_dnn_0_oven_10_n04111531_15052.png,sseq,True,0,0.037334,41.2260345152048
blurred,0193_lp_dnn_15_bicycle_10_n02835271_317.png,sseq,True,15,0.038796,71.0532622036777
blurred,0194_lp_dnn_0_bird_10_n02002556_15721.png,sseq,True,0,0.038248,38.1522570729053
blurred,0195_lp_dnn_5_chair_10_n03376595_11280.png,sseq,True,5,0.037411,65.1870603788689
blurred,0196_lp_dnn_3_keyboard_10_n04505470_4621.png,sseq,True,3,0.037096,55.9699280705158
blurred,0197_lp_dnn_7_boat_10_n03662601_6042.png,sseq,True,7,0.036736,70.873037981531
blurred,0198_lp_dnn_1_dog_10_n02086646_2810.png,sseq,True,1,0.037307,39.153160689722
blurred,0199_lp_dnn_15_elephant_10_n02504458_7835.png,sseq,True,15,0.037009,73.7627232283327
blurred,0200_lp_dnn_15_cat_10_n02123159_6281.png,sseq,True,15,0.037134,76.0798671801495
blurred,0201_lp_dnn_5_knife_10_n03041632_1661.png,sseq,True,5,0.03849,63.8154880978632
blurred,0202_lp_dnn_1_clock_10_n02708093_2806.png,sseq,True,1,0.038306,40.8913856810745
blurred,0203_lp_dnn_1_boat_10_n04273569_1201.png,sseq,True,1,0.037712,45.8185796878894
blurred,0206_lp_dnn_7_chair_10_n04099969_34325.png,sseq,True,7,0.037056,67.2839334377077
blurred,0207_lp_dnn_0_truck_10_n04467665_71305.png,sseq,True,0,0.037446,32.0743936235536
blurred,0208_lp_dnn_5_boat_10_n03344393_5916.png,sseq,True,5,0.03695,60.1479760413585
blurred,0209_lp_dnn_7_car_10_n02814533_28783.png,sseq,True,7,0.041005,66.6349073609943
blurred,0210_lp_dnn_15_boat_10_n03662601_16825.png,sseq,True,15,0.037616,81.4956722039359
blurred,0211_lp_dnn_0_dog_10_n02100583_10960.png,sseq,True,0,0.037638,39.3611687445695
blurred,0212_lp_dnn_10_elephant_10_n02504458_4587.png,sseq,True,10,0.037024,70.6451190983965
blurred,0213_lp_dnn_10_bottle_10_n03983396_12670.png,sseq,True,10,0.036895,71.9781891001222
blurred,0214_lp_dnn_3_bicycle_10_n02835271_18205.png,sseq,True,3,0.0377,57.9486094294609
blurred,0216_lp_dnn_10_keyboard_10_n03085013_4374.png,sseq,True,10,0.037651,76.1493380976711
blurred,0217_lp_dnn_3_clock_10_n03196217_3086.png,sseq,True,3,0.037465,62.5137048868491
blurred,0218_lp_dnn_15_clock_10_n04548280_254.png,sseq,True,15,0.036764,72.30103480367
blurred,0219_lp_dnn_15_bicycle_10_n02835271_21707.png,sseq,True,15,0.037164,73.9737780341811
blurred,0220_lp_dnn_15_bird_10_n01819313_6340.png,sseq,True,15,0.037208,72.6893206163249
blurred,0221_lp_dnn_5_bicycle_10_n02835271_10556.png,sseq,True,5,0.037123,59.8197823470291
blurred,0222_lp_dnn_15_chair_10_n04099969_3312.png,sseq,True,15,0.037315,74.5388968981715
blurred,0223_lp_dnn_15_car_10_n04285008_2781.png,sseq,True,15,0.036998,70.3951274083735
blurred,0224_lp_dnn_3_clock_10_n04548280_21263.png,sseq,True,3,0.037025,58.5773807516351
blurred,0225_lp_dnn_15_car_10_n02814533_9785.png,sseq,True,15,0.038731,75.9684336018577
blurred,0226_lp_dnn_0_truck_10_n03417042_24100.png,sseq,True,0,0.038128,42.2310019637035
blurred,0227_lp_dnn_15_dog_10_n02091244_10926.png,sseq,True,15,0.037214,70.103674686273
blurred,0229_lp_dnn_10_bear_10_n02134418_1311.png,sseq,True,10,0.038025,73.0396715359446
blurred,0230_lp_dnn_3_bicycle_10_n03792782_210.png,sseq,True,3,0.037275,61.688562697147
blurred,0231_lp_dnn_3_cat_10_n02123045_5371.png,sseq,True,3,0.037301,61.9874833011108
blurred,0232_lp_dnn_15_boat_10_n04612504_19111.png,sseq,True,15,0.036838,74.4882056044581
blurred,0233_lp_dnn_1_clock_10_n03196217_7836.png,sseq,True,1,0.037287,52.7017916293758
blurred,0234_lp_dnn_0_dog_10_n02086910_9742.png,sseq,True,0,0.037761,35.9288108596756
blurred,0235_lp_dnn_1_bottle_10_n03937543_4723.png,sseq,True,1,0.037436,46.9022447521179
blurred,0236_lp_dnn_5_dog_10_n02111129_6495.png,sseq,True,5,0.036766,64.5269009377862
blurred,0237_lp_dnn_1_knife_10_n03041632_3101.png,sseq,True,1,0.036753,53.8916996062569
blurred,0238_lp_dnn_0_bear_10_n02134084_7373.png,sseq,True,0,0.037559,33.616922329622
blurred,0239_lp_dnn_7_bird_10_n02009229_11916.png,sseq,True,7,0.036855,63.1579483803039
blurred,0240_lp_dnn_7_oven_10_n04111531_14208.png,sseq,True,7,0.036902,71.7224763459874
blurred,0241_lp_dnn_3_bird_10_n01601694_20287.png,sseq,True,3,0.041732,67.8052349053513
blurred,0242_lp_dnn_15_oven_10_n04111531_5519.png,sseq,True,15,0.038432,77.6994098651008
blurred,0243_lp_dnn_1_car_10_n04285008_10893.png,sseq,True,1,0.037642,52.336144807724
blurred,0245_lp_dnn_7_clock_10_n04548280_532.png,sseq,True,7,0.036851,67.3326032420225
blurred,0246_lp_dnn_0_keyboard_10_n04505470_73.png,sseq,True,0,0.03756,34.2552600365054
blurred,0247_lp_dnn_10_bottle_10_n02823428_6766.png,sseq,True,10,0.037143,68.6721143428836
blurred,0248_lp_dnn_15_boat_10_n02951358_26579.png,sseq,True,15,0.036657,70.7008510072411
blurred,0249_lp_dnn_10_dog_10_n02085782_7651.png,sseq,True,10,0.037144,68.9392507417243
blurred,0250_lp_dnn_3_clock_10_n02708093_1747.png,sseq,True,3,0.037675,59.2717886870513
blurred,0251_lp_dnn_3_truck_10_n04467665_19645.png,sseq,True,3,0.038052,59.0884719465029
blurred,0252_lp_dnn_15_airplane_10_n02690373_17262.png,sseq,True,15,0.037255,76.5743185923104
blurred,0253_lp_dnn_0_elephant_10_n02504458_10428.png,sseq,True,0,0.038238,16.8557737252422
blurred,0254_lp_dnn_7_cat_10_n02124075_9149.png,sseq,True,7,0.038969,71.8617983589034
blurred,0255_lp_dnn_10_elephant_10_n02504013_7923.png,sseq,True,10,0.037864,66.9714549931947
blurred,0256_lp_dnn_3_cat_10_n02123394_4789.png,sseq,True,3,0.037415,61.1111274816659
blurred,0257_lp_dnn_5_clock_10_n03196217_2530.png,sseq,True,5,0.041458,66.4947520511131
blurred,0258_lp_dnn_5_airplane_10_n02690373_6992.png,sseq,True,5,0.037956,65.637398594083
blurred,0259_lp_dnn_3_airplane_10_n02690373_5056.png,sseq,True,3,0.037388,62.9765569446202
blurred,0260_lp_dnn_1_bear_10_n02134418_2231.png,sseq,True,1,0.03755,36.4260810925466
blurred,0261_lp_dnn_10_truck_10_n03796401_180.png,sseq,True,10,0.03687,74.0097871308897
blurred,0262_lp_dnn_3_bicycle_10_n02835271_3246.png,sseq,True,3,0.037117,56.9218252902408
blurred,0263_lp_dnn_3_truck_10_n03796401_599.png,sseq,True,3,0.037258,60.3411877395064
blurred,0264_lp_dnn_7_oven_10_n04111531_13862.png,sseq,True,7,0.037247,66.5788238627063
blurred,0265_lp_dnn_0_oven_10_n04111531_10420.png,sseq,True,0,0.037815,19.6640562319648
blurred,0266_lp_dnn_10_car_10_n03100240_15531.png,sseq,True,10,0.036894,69.6482657765063
blurred,0267_lp_dnn_7_dog_10_n02099849_3128.png,sseq,True,7,0.037589,67.129999171833
blurred,0268_lp_dnn_5_chair_10_n02791124_3222.png,sseq,True,5,0.038786,70.6929633093955
blurred,0269_lp_dnn_5_keyboard_10_n04505470_8364.png,sseq,True,5,0.037691,62.2009082831293
blurred,0270_lp_dnn_0_clock_10_n04548280_9294.png,sseq,True,0,0.037842,29.1598195132147
blurred,0271_lp_dnn_7_bottle_10_n03937543_3358.png,sseq,True,7,0.037058,71.4808884551937
blurred,0272_lp_dnn_7_knife_10_n03041632_2058.png,sseq,True,7,0.037423,64.0574615779984
blurred,0273_lp_dnn_1_elephant_10_n02504458_5671.png,sseq,True,1,0.03839,39.1777583508014
blurred,0274_lp_dnn_10_chair_10_n02791124_6281.png,sseq,True,10,0.037609,72.3942620396816
blurred,0275_lp_dnn_15_cat_10_n02125311_44920.png,sseq,True,15,0.037189,73.4885056870124
blurred,0276_lp_dnn_5_airplane_10_n02690373_2981.png,sseq,True,5,0.037385,61.2449206175965
blurred,0277_lp_dnn_1_knife_10_n03041632_2468.png,sseq,True,1,0.037559,38.4755853284933
blurred,0278_lp_dnn_1_clock_10_n02708093_3605.png,sseq,True,1,0.039114,41.6880479420553
blurred,0279_lp_dnn_1_bicycle_10_n02835271_19019.png,sseq,True,1,0.037596,41.6386157878035
blurred,0280_lp_dnn_7_keyboard_10_n03085013_1188.png,sseq,True,7,0.037098,64.3634403354921
blurred,0281_lp_dnn_1_oven_10_n04111531_2715.png,sseq,True,1,0.04099,41.1645922705477
blurred,0282_lp_dnn_10_keyboard_10_n03085013_9533.png,sseq,True,10,0.037639,91.5852823277316
blurred,0283_lp_dnn_3_cat_10_n02123045_20366.png,sseq,True,3,0.037613,54.7555736956689
blurred,0284_lp_dnn_5_chair_10_n03376595_302.png,sseq,True,5,0.0376,61.2347703033546
blurred,0285_lp_dnn_7_cat_10_n02123597_14267.png,sseq,True,7,0.03741,66.6705894436804
blurred,0286_lp_dnn_15_dog_10_n02098286_2582.png,sseq,True,15,0.037404,73.067687558078
blurred,0287_lp_dnn_1_boat_10_n03344393_4001.png,sseq,True,1,0.037289,44.5129903413691
blurred,0288_lp_dnn_15_bicycle_10_n02835271_6122.png,sseq,True,15,0.038149,71.6420338676974
blurred,0289_lp_dnn_3_dog_10_n02091134_3075.png,sseq,True,3,0.038505,58.4480442791947
blurred,0291_lp_dnn_10_bottle_10_n04591713_4876.png,sseq,True,10,0.037162,68.8152919552458
blurred,0292_lp_dnn_0_bottle_10_n02823428_2510.png,sseq,True,0,0.037936,47.1150201140025
blurred,0293_lp_dnn_1_keyboard_10_n03085013_5950.png,sseq,True,1,0.037269,47.2201597811099
blurred,0294_lp_dnn_5_bear_10_n02133161_1490.png,sseq,True,5,0.038323,65.7529638074332
blurred,0295_lp_dnn_10_truck_10_n03796401_28465.png,sseq,True,10,0.037738,74.1483344289277
blurred,0296_lp_dnn_15_bottle_10_n02823428_6627.png,sseq,True,15,0.037137,73.9729667036556
blurred,0297_lp_dnn_5_truck_10_n04467665_69582.png,sseq,True,5,0.037443,74.0928069102016
blurred,0300_lp_dnn_5_truck_10_n04467665_44714.png,sseq,True,5,0.037814,66.2061790314001
blurred,0301_lp_dnn_3_airplane_10_n02690373_7487.png,sseq,True,3,0.038501,49.1849184803583
blurred,0302_lp_dnn_15_elephant_10_n02504458_7472.png,sseq,True,15,0.037565,71.1701117942288
blurred,0303_lp_dnn_3_boat_10_n03662601_25023.png,sseq,True,3,0.038553,64.0064476052654
blurred,0304_lp_dnn_0_knife_10_n03041632_101673.png,sseq,True,0,0.039871,30.2034974256288
blurred,0305_lp_dnn_7_bottle_10_n03983396_587.png,sseq,True,7,0.036568,66.9768416923076
blurred,0306_lp_dnn_3_cat_10_n02124075_7692.png,sseq,True,3,0.037596,59.6935897850098
blurred,0307_lp_dnn_0_oven_10_n04111531_6313.png,sseq,True,0,0.039829,37.3734157740927
blurred,0308_lp_dnn_7_bird_10_n02018795_5770.png,sseq,True,7,0.038565,66.3313606627757
blurred,0309_lp_dnn_3_bottle_10_n02823428_4658.png,sseq,True,3,0.037828,65.5603630362945
blurred,0310_lp_dnn_1_airplane_10_n02690373_2724.png,sseq,True,1,0.037623,46.7036064211351
blurred,0312_lp_dnn_7_boat_10_n02951358_34783.png,sseq,True,7,0.037672,68.7091797687761
blurred,0313_lp_dnn_0_cat_10_n02123597_680.png,sseq,True,0,0.037997,21.840084869616
blurred,0314_lp_dnn_10_bear_10_n02133161_9863.png,sseq,True,10,0.037931,70.1490971111154
blurred,0315_lp_dnn_1_bear_10_n02133161_2100.png,sseq,True,1,0.038113,33.7891938764182
blurred,0316_lp_dnn_3_oven_10_n04111531_8009.png,sseq,True,3,0.037606,64.5235274550418
blurred,0318_lp_dnn_5_bird_10_n01824575_4941.png,sseq,True,5,0.039197,58.2913176721674
blurred,0319_lp_dnn_15_knife_10_n03041632_289.png,sseq,True,15,0.037469,75.7712643333898
blurred,0320_lp_dnn_10_dog_10_n02101006_15350.png,sseq,True,10,0.03938,73.0564324277116
blurred,0321_lp_dnn_5_elephant_10_n02504458_1636.png,sseq,True,5,0.03962,61.7987231778883
blurred,0322_lp_dnn_7_car_10_n04285008_8666.png,sseq,True,7,0.038355,62.9375844916406
blurred,0323_lp_dnn_5_bottle_10_n02823428_5451.png,sseq,True,5,0.038167,64.1915680304671
blurred,0324_lp_dnn_3_car_10_n03100240_2495.png,sseq,True,3,0.037957,61.0078069225235
blurred,0325_lp_dnn_10_bicycle_10_n02835271_19565.png,sseq,True,10,0.041275,70.7736238594661
blurred,0326_lp_dnn_1_airplane_10_n02690373_349.png,sseq,True,1,0.043241,40.2440590954421
blurred,0327_lp_dnn_7_cat_10_n02123045_20512.png,sseq,True,7,0.044375,65.475969489061
blurred,0328_lp_dnn_1_keyboard_10_n03085013_23619.png,sseq,True,1,0.043483,47.9613766294173
blurred,0329_lp_dnn_7_boat_10_n03662601_16925.png,sseq,True,7,0.038393,67.2278426638022
blurred,0330_lp_dnn_10_oven_10_n04111531_12830.png,sseq,True,10,0.03915,77.502569174063
blurred,0331_lp_dnn_5_boat_10_n02951358_33277.png,sseq,True,5,0.041428,64.3388523264666
blurred,0332_lp_dnn_15_bear_10_n02133161_156.png,sseq,True,15,0.04692,71.5769638193682
blurred,0334_lp_dnn_10_keyboard_10_n04505470_4587.png,sseq,True,10,0.044294,70.1766799748142
blurred,0335_lp_dnn_10_bear_10_n02134084_27899.png,sseq,True,10,0.046744,74.8928443956317
blurred,0336_lp_dnn_0_keyboard_10_n03085013_10984.png,sseq,True,0,0.046729,33.6653628311083
blurred,0337_lp_dnn_5_bottle_10_n03983396_10469.png,sseq,True,5,0.045692,65.3278921007334
blurred,0338_lp_dnn_10_knife_10_n03041632_20707.png,sseq,True,10,0.046205,65.8386713600214
blurred,0339_lp_dnn_1_car_10_n04285008_9411.png,sseq,True,1,0.042799,42.7294340707058
blurred,0341_lp_dnn_7_knife_10_n03041632_16206.png,sseq,True,7,0.03829,68.0497035801532
blurred,0342_lp_dnn_5_bicycle_10_n03792782_7180.png,sseq,True,5,0.040403,61.1802327213777
blurred,0343_lp_dnn_0_bear_10_n02134418_2719.png,sseq,True,0,0.039136,16.1344456363186
blurred,0344_lp_dnn_0_chair_10_n04099969_2038.png,sseq,True,0,0.039939,34.9589839743403
blurred,0345_lp_dnn_1_dog_10_n02113023_5237.png,sseq,True,1,0.039077,54.1988089638799
blurred,0347_lp_dnn_7_clock_10_n04548280_219.png,sseq,True,7,0.037939,61.118395946207
blurred,0348_lp_dnn_15_boat_10_n04612504_2805.png,sseq,True,15,0.03767,80.8050960829712
blurred,0349_lp_dnn_7_clock_10_n02708093_7020.png,sseq,True,7,0.039897,67.3299084947611
blurred,0350_lp_dnn_3_oven_10_n04111531_5171.png,sseq,True,3,0.038005,61.2825359821632
blurred,0351_lp_dnn_3_cat_10_n02125311_37322.png,sseq,True,3,0.03802,59.6540166627821
blurred,0352_lp_dnn_7_cat_10_n02123597_14094.png,sseq,True,7,0.038301,61.2002414144595
blurred,0353_lp_dnn_15_boat_10_n02951358_13352.png,sseq,True,15,0.03808,73.3427770267285
blurred,0354_lp_dnn_10_bicycle_10_n02835271_20445.png,sseq,True,10,0.038396,74.1754419633744
blurred,0355_lp_dnn_7_knife_10_n03041632_4708.png,sseq,True,7,0.038178,71.8042630369193
blurred,0356_lp_dnn_7_oven_10_n04111531_505.png,sseq,True,7,0.037996,72.1630674372486
blurred,0357_lp_dnn_1_bicycle_10_n03792782_104.png,sseq,True,1,0.039905,45.4828200106051
blurred,0359_lp_dnn_5_bicycle_10_n03792782_5578.png,sseq,True,5,0.038529,61.7110857983391
blurred,0360_lp_dnn_10_truck_10_n03417042_1437.png,sseq,True,10,0.038455,67.5028956626243
blurred,0361_lp_dnn_0_cat_10_n02123045_7482.png,sseq,True,0,0.038777,15.9814895273786
blurred,0362_lp_dnn_10_bird_10_n02037110_554.png,sseq,True,10,0.038146,71.720306041
blurred,0363_lp_dnn_5_bicycle_10_n03792782_15.png,sseq,True,5,0.038161,61.7643747610923
blurred,0364_lp_dnn_5_bicycle_10_n02835271_7450.png,sseq,True,5,0.039124,61.3874437436781
blurred,0365_lp_dnn_5_boat_10_n03344393_3881.png,sseq,True,5,0.039333,71.8354690898489
blurred,0366_lp_dnn_10_chair_10_n04099969_3623.png,sseq,True,10,0.038326,70.6720661064249
blurred,0367_lp_dnn_5_airplane_10_n02690373_2579.png,sseq,True,5,0.038241,51.5055214532215
blurred,0368_lp_dnn_15_dog_10_n02093859_3707.png,sseq,True,15,0.037791,71.5300938134994
blurred,0369_lp_dnn_1_bottle_10_n04560804_22426.png,sseq,True,1,0.038745,38.2213891725534
blurred,0370_lp_dnn_15_clock_10_n03196217_82.png,sseq,True,15,0.038917,74.3659153151651
blurred,0371_lp_dnn_5_car_10_n03100240_16907.png,sseq,True,5,0.038729,67.4411501131228
blurred,0372_lp_dnn_5_oven_10_n04111531_9548.png,sseq,True,5,0.038227,62.2129740345229
blurred,0373_lp_dnn_7_clock_10_n02708093_3751.png,sseq,True,7,0.038267,65.33998354844
blurred,0374_lp_dnn_7_car_10_n02814533_6593.png,sseq,True,7,0.038055,66.4697623618222
blurred,0375_lp_dnn_0_airplane_10_n02690373_3212.png,sseq,True,0,0.038435,52.1656559907587
blurred,0376_lp_dnn_1_cat_10_n02123045_5820.png,sseq,True,1,0.038537,46.2662557763594
blurred,0377_lp_dnn_3_elephant_10_n02504458_205.png,sseq,True,3,0.03819,62.8731478763676
blurred,0378_lp_dnn_10_elephant_10_n02504013_3425.png,sseq,True,10,0.038048,72.0460603048884
blurred,0379_lp_dnn_15_bird_10_n02056570_9572.png,sseq,True,15,0.037826,71.2134918864104
blurred,0381_lp_dnn_10_boat_10_n04273569_10716.png,sseq,True,10,0.038618,76.4171680672973
blurred,0382_lp_dnn_15_bear_10_n02134084_19849.png,sseq,True,15,0.03921,75.9576122661435
blurred,0385_lp_dnn_10_oven_10_n04111531_4392.png,sseq,True,10,0.03987,66.5566929622779
blurred,0386_lp_dnn_0_airplane_10_n02690373_7099.png,sseq,True,0,0.039353,42.5025793110328
blurred,0387_lp_dnn_5_cat_10_n02124075_13187.png,sseq,True,5,0.038776,64.4280564692164
blurred,0388_lp_dnn_0_knife_10_n03041632_32048.png,sseq,True,0,0.039023,24.4756718376003
blurred,0389_lp_dnn_3_airplane_10_n02690373_20074.png,sseq,True,3,0.038541,42.8256498491846
blurred,0390_lp_dnn_1_car_10_n02814533_83577.png,sseq,True,1,0.038346,38.1267511718145
blurred,0392_lp_dnn_3_knife_10_n03041632_13130.png,sseq,True,3,0.037847,57.5805783836185
blurred,0393_lp_dnn_0_knife_10_n03041632_1006.png,sseq,True,0,0.038765,23.6450705219688
blurred,0394_lp_dnn_1_elephant_10_n02504458_7634.png,sseq,True,1,0.03849,39.7914269625153
blurred,0395_lp_dnn_1_bicycle_10_n02835271_17184.png,sseq,True,1,0.041423,38.8586000049441
blurred,0396_lp_dnn_0_oven_10_n04111531_2189.png,sseq,True,0,0.040175,26.1182747447592
blurred,0397_lp_dnn_15_cat_10_n02124075_11888.png,sseq,True,15,0.038457,72.8994007870217
blurred,0398_lp_dnn_10_cat_10_n02123394_1690.png,sseq,True,10,0.038263,68.5663094950661
blurred,0399_lp_dnn_1_dog_10_n02111500_2905.png,sseq,True,1,0.038091,44.3111447731175
blurred,0400_lp_dnn_5_knife_10_n03041632_20433.png,sseq,True,5,0.038066,61.858521267717
blurred,0401_lp_dnn_15_clock_10_n04548280_22641.png,sseq,True,15,0.037929,72.6948670100362
blurred,0402_lp_dnn_15_bottle_10_n04557648_634.png,sseq,True,15,0.037955,74.2719966396415
blurred,0403_lp_dnn_1_truck_10_n04467665_69447.png,sseq,True,1,0.038581,40.5612161718503
blurred,0404_lp_dnn_3_elephant_10_n02504013_1777.png,sseq,True,3,0.038349,58.737351420211
blurred,0405_lp_dnn_0_truck_10_n03796401_2559.png,sseq,True,0,0.038989,25.8020176124425
blurred,0406_lp_dnn_1_car_10_n02814533_42547.png,sseq,True,1,0.038031,52.3905960776662
blurred,0407_lp_dnn_15_clock_10_n04548280_7181.png,sseq,True,15,0.038078,73.9813500420592
blurred,0408_lp_dnn_1_boat_10_n03344393_5030.png,sseq,True,1,0.039572,49.697011601861
blurred,0409_lp_dnn_15_bottle_10_n04591713_2952.png,sseq,True,15,0.039156,73.7716819241888
blurred,0410_lp_dnn_5_keyboard_10_n04505470_4742.png,sseq,True,5,0.038249,63.3126772093841
blurred,0411_lp_dnn_7_bear_10_n02134418_4696.png,sseq,True,7,0.039151,64.5915872909632
blurred,0413_lp_dnn_15_bicycle_10_n02835271_8203.png,sseq,True,15,0.037689,71.6347421741066
blurred,0416_lp_dnn_3_boat_10_n03344393_8265.png,sseq,True,3,0.038339,59.0452585897649
blurred,0417_lp_dnn_10_truck_10_n04467665_12177.png,sseq,True,10,0.038114,72.4918939020598
blurred,0418_lp_dnn_3_car_10_n03100240_8987.png,sseq,True,3,0.038337,58.0819592630684
blurred,0419_lp_dnn_15_bird_10_n01530575_10601.png,sseq,True,15,0.037856,72.1142173635921
blurred,0420_lp_dnn_15_keyboard_10_n04505470_313.png,sseq,True,15,0.037845,73.6934335473827
blurred,0421_lp_dnn_1_truck_10_n03417042_5371.png,sseq,True,1,0.039613,48.0185734122489
blurred,0422_lp_dnn_0_truck_10_n03796401_29952.png,sseq,True,0,0.038943,30.3081659012015
blurred,0423_lp_dnn_5_bicycle_10_n03792782_6159.png,sseq,True,5,0.03833,63.2792441017085
blurred,0424_lp_dnn_7_elephant_10_n02504458_1336.png,sseq,True,7,0.037653,67.9682503748525
blurred,0425_lp_dnn_10_bicycle_10_n02835271_8597.png,sseq,True,10,0.038045,67.8992691012507
blurred,0426_lp_dnn_3_keyboard_10_n04505470_3615.png,sseq,True,3,0.039326,59.4045867348357
blurred,0427_lp_dnn_7_dog_10_n02090721_7040.png,sseq,True,7,0.03916,71.4775762064817
blurred,0428_lp_dnn_0_cat_10_n02124075_17347.png,sseq,True,0,0.039295,30.3517740381917
blurred,0429_lp_dnn_0_keyboard_10_n03085013_23018.png,sseq,True,0,0.03869,22.8135102996314
blurred,0432_lp_dnn_15_knife_10_n03041632_27848.png,sseq,True,15,0.038042,76.6850654620159
blurred,0433_lp_dnn_3_keyboard_10_n04505470_4432.png,sseq,True,3,0.038447,59.8643670864688
blurred,0434_lp_dnn_15_bear_10_n02132136_786.png,sseq,True,15,0.039957,73.8526868772153
blurred,0435_lp_dnn_15_truck_10_n03796401_10519.png,sseq,True,15,0.039574,78.6325297346782
blurred,0436_lp_dnn_5_airplane_10_n02690373_9086.png,sseq,True,5,0.039264,72.6050796521474
blurred,0437_lp_dnn_0_boat_10_n02951358_512.png,sseq,True,0,0.03637,29.2070720531528
blurred,0438_lp_dnn_10_bear_10_n02132136_10468.png,sseq,True,10,0.037879,70.6021136248974
blurred,0439_lp_dnn_5_bear_10_n02134084_13175.png,sseq,True,5,0.037923,68.4135207206372
blurred,0440_lp_dnn_10_dog_10_n02088364_2119.png,sseq,True,10,0.03773,72.031216007151
blurred,0441_lp_dnn_1_boat_10_n04612504_26238.png,sseq,True,1,0.038112,45.6824462543945
blurred,0442_lp_dnn_3_bear_10_n02134084_20142.png,sseq,True,3,0.040281,56.4802545252309
blurred,0443_lp_dnn_5_dog_10_n02107683_1076.png,sseq,True,5,0.038956,61.7810241246215
blurred,0444_lp_dnn_3_car_10_n02814533_35386.png,sseq,True,3,0.038514,62.4753674226568
blurred,0445_lp_dnn_3_bird_10_n01531178_15380.png,sseq,True,3,0.038312,61.0730371364388
blurred,0446_lp_dnn_7_bear_10_n02134084_17529.png,sseq,True,7,0.038334,68.2282465983244
blurred,0447_lp_dnn_10_bicycle_10_n02835271_22623.png,sseq,True,10,0.040564,71.1060013970219
blurred,0448_lp_dnn_15_chair_10_n02791124_3160.png,sseq,True,15,0.038632,68.2775959123067
blurred,0449_lp_dnn_0_bottle_10_n02823428_2422.png,sseq,True,0,0.03995,38.5603528553107
blurred,0450_lp_dnn_7_bear_10_n02134084_34902.png,sseq,True,7,0.038148,70.3333783838146
blurred,0451_lp_dnn_15_bicycle_10_n02835271_3535.png,sseq,True,15,0.037685,80.5578236611832
blurred,0452_lp_dnn_1_oven_10_n04111531_10640.png,sseq,True,1,0.039564,54.9579285643782
blurred,0454_lp_dnn_0_keyboard_10_n03085013_26656.png,sseq,True,0,0.038401,35.9629968812989
blurred,0455_lp_dnn_5_boat_10_n03344393_9575.png,sseq,True,5,0.038013,68.7717342506114
blurred,0456_lp_dnn_1_boat_10_n03344393_4616.png,sseq,True,1,0.03795,47.9994466648186
blurred,0457_lp_dnn_0_bicycle_10_n02835271_11929.png,sseq,True,0,0.039906,18.2331083652031
blurred,0458_lp_dnn_3_keyboard_10_n03085013_20515.png,sseq,True,3,0.039718,64.2742259540352
blurred,0460_lp_dnn_0_airplane_10_n02690373_10114.png,sseq,True,0,0.040238,26.3506239849785
blurred,0461_lp_dnn_10_airplane_10_n02690373_8543.png,sseq,True,10,0.03902,81.0621776654832
blurred,0462_lp_dnn_7_chair_10_n04429376_14967.png,sseq,True,7,0.038044,70.2177932289915
blurred,0463_lp_dnn_15_cat_10_n02125311_24439.png,sseq,True,15,0.03814,75.4997289454792
blurred,0464_lp_dnn_5_truck_10_n03417042_4665.png,sseq,True,5,0.038255,65.9986012064377
blurred,0466_lp_dnn_1_bird_10_n01843065_3596.png,sseq,True,1,0.038522,40.2888005643
blurred,0467_lp_dnn_10_bird_10_n02011460_17499.png,sseq,True,10,0.038243,74.6380924361273
blurred,0468_lp_dnn_0_elephant_10_n02504458_7506.png,sseq,True,0,0.038412,27.4157765501231
blurred,0472_lp_dnn_5_dog_10_n02106382_1806.png,sseq,True,5,0.037994,63.9136782814045
blurred,0473_lp_dnn_15_chair_10_n02791124_3890.png,sseq,True,15,0.04428,74.0380469044014
blurred,0474_lp_dnn_7_elephant_10_n02504013_16929.png,sseq,True,7,0.039772,69.0957178317819
blurred,0475_lp_dnn_7_elephant_10_n02504013_8052.png,sseq,True,7,0.03898,65.7522263506093
blurred,0476_lp_dnn_1_bear_10_n02132136_1584.png,sseq,True,1,0.038514,41.0269751119275
blurred,0477_lp_dnn_1_keyboard_10_n04505470_532.png,sseq,True,1,0.038377,42.8345385938312
blurred,0478_lp_dnn_1_airplane_10_n02690373_3988.png,sseq,True,1,0.03827,54.0607026473685
blurred,0479_lp_dnn_15_bicycle_10_n03792782_13051.png,sseq,True,15,0.037731,75.7717223801174
blurred,0480_lp_dnn_3_bear_10_n02134084_4818.png,sseq,True,3,0.037941,62.2427736854913
blurred,0481_lp_dnn_10_boat_10_n02951358_9146.png,sseq,True,10,0.037899,68.1849851056224
blurred,0485_lp_dnn_3_bottle_10_n03937543_11101.png,sseq,True,3,0.039108,57.87966228641
blurred,0486_lp_dnn_7_bear_10_n02133161_2281.png,sseq,True,7,0.039447,65.6087871810412
blurred,0487_lp_dnn_10_airplane_10_n02690373_8813.png,sseq,True,10,0.038913,75.3831299874928
blurred,0490_lp_dnn_3_oven_10_n04111531_10216.png,sseq,True,3,0.038433,60.3223126982244
blurred,0491_lp_dnn_7_bird_10_n01614925_1097.png,sseq,True,7,0.037799,68.0875334571916
blurred,0492_lp_dnn_0_bird_10_n02017213_1163.png,sseq,True,0,0.038415,44.2077090504112
blurred,0494_lp_dnn_15_truck_10_n04467665_39317.png,sseq,True,15,0.037842,77.7328084753771
blurred,0495_lp_dnn_1_dog_10_n02093754_5037.png,sseq,True,1,0.038075,52.0161180450794
blurred,0497_lp_dnn_7_airplane_10_n02690373_2564.png,sseq,True,7,0.037847,70.1113702505672
blurred,0499_lp_dnn_10_chair_10_n04429376_2450.png,sseq,True,10,0.039573,77.1656085624974
blurred,0500_lp_dnn_0_keyboard_10_n04505470_4044.png,sseq,True,0,0.039574,24.8047683125924
blurred,0501_lp_dnn_15_oven_10_n04111531_8269.png,sseq,True,15,0.038854,83.0660368504392
blurred,0502_lp_dnn_7_clock_10_n02708093_6890.png,sseq,True,7,0.038222,63.4755467976788
blurred,0504_lp_dnn_15_bicycle_10_n03792782_24734.png,sseq,True,15,0.040269,75.2390309668611
blurred,0506_lp_dnn_3_elephant_10_n02504458_2994.png,sseq,True,3,0.038227,62.7773340840957
blurred,0507_lp_dnn_0_dog_10_n02108422_1164.png,sseq,True,0,0.038512,14.6839175608541
blurred,0508_lp_dnn_5_clock_10_n04548280_2421.png,sseq,True,5,0.038195,65.7066829322075
blurred,0509_lp_dnn_5_oven_10_n04111531_2930.png,sseq,True,5,0.038164,61.9609890615383
blurred,0510_lp_dnn_1_bear_10_n02132136_4271.png,sseq,True,1,0.038364,36.0720532565639
blurred,0511_lp_dnn_7_oven_10_n04111531_8603.png,sseq,True,7,0.038955,66.983067086987
blurred,0513_lp_dnn_3_knife_10_n03041632_47410.png,sseq,True,3,0.038918,54.0810642175541
blurred,0514_lp_dnn_15_elephant_10_n02504458_1000.png,sseq,True,15,0.038189,73.2032638130197
blurred,0515_lp_dnn_1_cat_10_n02124075_8884.png,sseq,True,1,0.038714,44.9483139076222
blurred,0516_lp_dnn_7_bird_10_n01622779_1370.png,sseq,True,7,0.037994,67.9502710967521
blurred,0517_lp_dnn_0_cat_10_n02123045_8215.png,sseq,True,0,0.038548,42.6109649006398
blurred,0518_lp_dnn_5_car_10_n03100240_3083.png,sseq,True,5,0.040087,66.1965563176926
blurred,0519_lp_dnn_3_bicycle_10_n03792782_9280.png,sseq,True,3,0.040435,56.6867656764001
blurred,0520_lp_dnn_5_bird_10_n01819313_3505.png,sseq,True,5,0.03806,62.6972717687026
blurred,0521_lp_dnn_15_bird_10_n01531178_5130.png,sseq,True,15,0.038013,74.8001683684089
blurred,0522_lp_dnn_15_clock_10_n02708093_2867.png,sseq,True,15,0.038061,82.4601634082906
blurred,0523_lp_dnn_7_bear_10_n02134418_258.png,sseq,True,7,0.038342,69.506017047587
blurred,0524_lp_dnn_1_bottle_10_n02823428_8280.png,sseq,True,1,0.041555,47.6783938281004
blurred,0525_lp_dnn_7_elephant_10_n02504013_24811.png,sseq,True,7,0.039678,66.1081558275448
blurred,0527_lp_dnn_0_bottle_10_n02823428_14536.png,sseq,True,0,0.038892,46.738396026501
blurred,0528_lp_dnn_5_knife_10_n03041632_21723.png,sseq,True,5,0.038323,63.0837501290158
blurred,0529_lp_dnn_10_cat_10_n02123159_8396.png,sseq,True,10,0.038364,66.1412209512348
blurred,0531_lp_dnn_0_bird_10_n01514859_12705.png,sseq,True,0,0.04158,21.5221754166521
blurred,0532_lp_dnn_7_dog_10_n02097047_911.png,sseq,True,7,0.038405,65.1445349823676
blurred,0533_lp_dnn_10_keyboard_10_n04505470_3132.png,sseq,True,10,0.038579,80.6682554113931
blurred,0534_lp_dnn_1_airplane_10_n02690373_11908.png,sseq,True,1,0.039199,50.2927299069131
blurred,0536_lp_dnn_15_bottle_10_n03937543_5375.png,sseq,True,15,0.038961,79.4473006119666
blurred,0537_lp_dnn_1_bottle_10_n04591713_6138.png,sseq,True,1,0.040066,40.4586550409471
blurred,0538_lp_dnn_15_bottle_10_n04557648_12559.png,sseq,True,15,0.038708,65.0853557714179
blurred,0540_lp_dnn_15_keyboard_10_n04505470_4732.png,sseq,True,15,0.038594,73.5790663332787
blurred,0542_lp_dnn_3_chair_10_n02791124_14040.png,sseq,True,3,0.038702,62.422565606011
blurred,0543_lp_dnn_15_boat_10_n04273569_3095.png,sseq,True,15,0.038403,91.3903601182215
blurred,0544_lp_dnn_1_bird_10_n02002724_18548.png,sseq,True,1,0.038697,43.2631368329976
blurred,0545_lp_dnn_10_oven_10_n04111531_8537.png,sseq,True,10,0.038321,63.2340146075169
blurred,0547_lp_dnn_5_dog_10_n02102040_1660.png,sseq,True,5,0.038573,63.6818366678076
blurred,0548_lp_dnn_0_bear_10_n02134084_7790.png,sseq,True,0,0.038692,23.3843227481868
blurred,0549_lp_dnn_10_knife_10_n03041632_17091.png,sseq,True,10,0.03892,70.7476786491209
blurred,0550_lp_dnn_5_keyboard_10_n04505470_9331.png,sseq,True,5,0.040961,69.536233586765
blurred,0551_lp_dnn_5_airplane_10_n02690373_6887.png,sseq,True,5,0.039652,66.9007537602078
blurred,0552_lp_dnn_1_chair_10_n02791124_2540.png,sseq,True,1,0.039467,47.4604249604881
blurred,0553_lp_dnn_3_truck_10_n03796401_23774.png,sseq,True,3,0.038962,62.2752807065912
blurred,0555_lp_dnn_5_clock_10_n04548280_3563.png,sseq,True,5,0.038718,68.7884758188809
blurred,0556_lp_dnn_0_bicycle_10_n03792782_8287.png,sseq,True,0,0.039724,21.2879180065664
blurred,0557_lp_dnn_3_clock_10_n04548280_4225.png,sseq,True,3,0.038705,63.2296454810376
blurred,0558_lp_dnn_0_car_10_n04285008_11931.png,sseq,True,0,0.039363,41.249432592915
blurred,0559_lp_dnn_5_elephant_10_n02504013_9396.png,sseq,True,5,0.038928,64.3719904080268
blurred,0561_lp_dnn_7_bicycle_10_n03792782_9692.png,sseq,True,7,0.039039,66.4356122409036
blurred,0562_lp_dnn_7_chair_10_n02791124_57.png,sseq,True,7,0.039071,65.0034937216773
blurred,0564_lp_dnn_1_boat_10_n02951358_34917.png,sseq,True,1,0.039427,43.3744077910113
blurred,0565_lp_dnn_0_clock_10_n02708093_2762.png,sseq,True,0,0.040535,22.7121533526737
blurred,0566_lp_dnn_5_knife_10_n03041632_4879.png,sseq,True,5,0.039183,61.3596578098747
blurred,0567_lp_dnn_0_car_10_n02814533_4689.png,sseq,True,0,0.039521,11.8837334939135
blurred,0568_lp_dnn_1_boat_10_n02951358_2445.png,sseq,True,1,0.038644,41.5876182610368
blurred,0570_lp_dnn_10_car_10_n02814533_32924.png,sseq,True,10,0.038205,73.6492379632754
blurred,0571_lp_dnn_10_bottle_10_n02823428_5135.png,sseq,True,10,0.038624,71.5925095441058
blurred,0572_lp_dnn_1_keyboard_10_n03085013_9066.png,sseq,True,1,0.038968,52.2971083266258
blurred,0573_lp_dnn_10_oven_10_n04111531_11279.png,sseq,True,10,0.038599,71.0837966768345
blurred,0574_lp_dnn_10_car_10_n04285008_12182.png,sseq,True,10,0.038263,70.1269857771044
blurred,0575_lp_dnn_0_bear_10_n02133161_5681.png,sseq,True,0,0.042942,30.8067789829029
blurred,0576_lp_dnn_5_dog_10_n02108915_5514.png,sseq,True,5,0.039518,62.4406513090141
blurred,0577_lp_dnn_15_airplane_10_n02690373_7239.png,sseq,True,15,0.038559,80.2217691510407
blurred,0578_lp_dnn_0_dog_10_n02094258_4979.png,sseq,True,0,0.039165,22.1952933390353
blurred,0579_lp_dnn_3_chair_10_n04429376_15078.png,sseq,True,3,0.039195,61.3895649926385
blurred,0581_lp_dnn_3_keyboard_10_n04505470_3947.png,sseq,True,3,0.039145,64.8180373880551
blurred,0582_lp_dnn_15_car_10_n03100240_2996.png,sseq,True,15,0.038559,78.2765648880141
blurred,0583_lp_dnn_10_cat_10_n02123159_3226.png,sseq,True,10,0.039524,71.9205130549102
blurred,0584_lp_dnn_7_truck_10_n03417042_19905.png,sseq,True,7,0.043787,74.6494686617383
blurred,0585_lp_dnn_0_bird_10_n02009229_4838.png,sseq,True,0,0.056619,22.4421067680004
blurred,0586_lp_dnn_1_oven_10_n04111531_14383.png,sseq,True,1,0.060479,38.4882531998503
blurred,0587_lp_dnn_5_bear_10_n02132136_1152.png,sseq,True,5,0.040939,63.7643009988847
blurred,0588_lp_dnn_0_cat_10_n02123597_10952.png,sseq,True,0,0.039804,30.5952970204866
blurred,0589_lp_dnn_0_boat_10_n04273569_12318.png,sseq,True,0,0.039054,38.9733085304114
blurred,0591_lp_dnn_10_dog_10_n02091032_9464.png,sseq,True,10,0.038856,69.9644792148141
blurred,0592_lp_dnn_7_oven_10_n04111531_5218.png,sseq,True,7,0.038699,63.5363560406087
blurred,0593_lp_dnn_5_airplane_10_n02690373_9423.png,sseq,True,5,0.038328,66.348051311814
blurred,0594_lp_dnn_1_bird_10_n01860187_348.png,sseq,True,1,0.04253,41.3948343107797
blurred,0596_lp_dnn_10_oven_10_n04111531_7619.png,sseq,True,10,0.038798,70.0131029346538
blurred,0597_lp_dnn_3_bicycle_10_n02835271_9202.png,sseq,True,3,0.038771,62.4091926681717
blurred,0598_lp_dnn_10_boat_10_n03344393_7826.png,sseq,True,10,0.038225,74.1702748840865
blurred,0599_lp_dnn_3_elephant_10_n02504013_10330.png,sseq,True,3,0.039284,58.8157091353651
blurred,0600_lp_dnn_10_truck_10_n04467665_69202.png,sseq,True,10,0.039141,69.6160858868016
blurred,0601_lp_dnn_7_keyboard_10_n04505470_1120.png,sseq,True,7,0.038635,76.961429588337
blurred,0602_lp_dnn_5_car_10_n04285008_434.png,sseq,True,5,0.038485,63.8636179179681
blurred,0603_lp_dnn_1_cat_10_n02123597_7592.png,sseq,True,1,0.038869,38.5749945289467
blurred,0604_lp_dnn_15_dog_10_n02090721_583.png,sseq,True,15,0.038428,72.6269786280309
blurred,0605_lp_dnn_1_knife_10_n03041632_86783.png,sseq,True,1,0.038505,44.5650190497138
blurred,0606_lp_dnn_10_dog_10_n02112018_11708.png,sseq,True,10,0.038055,74.6651098700806
blurred,0607_lp_dnn_0_bird_10_n02018795_5662.png,sseq,True,0,0.039101,37.0618909697789
blurred,0608_lp_dnn_5_elephant_10_n02504013_1088.png,sseq,True,5,0.038506,62.9690362859603
blurred,0609_lp_dnn_5_elephant_10_n02504458_66.png,sseq,True,5,0.038783,62.0308191161944
blurred,0610_lp_dnn_10_dog_10_n02105056_9099.png,sseq,True,10,0.039462,75.4575761695023
blurred,0611_lp_dnn_10_boat_10_n04273569_19699.png,sseq,True,10,0.038764,70.9158743922006
blurred,0612_lp_dnn_1_dog_10_n02097047_2376.png,sseq,True,1,0.041908,48.1637306610583
blurred,0613_lp_dnn_1_boat_10_n03662601_11901.png,sseq,True,1,0.039745,42.1769655539524
blurred,0614_lp_dnn_1_oven_10_n04111531_7667.png,sseq,True,1,0.038984,43.2712486861372
blurred,0615_lp_dnn_10_knife_10_n03041632_24384.png,sseq,True,10,0.038407,73.0403960956954
blurred,0616_lp_dnn_7_car_10_n03100240_1216.png,sseq,True,7,0.038384,69.7097363723043
blurred,0617_lp_dnn_0_bicycle_10_n03792782_3136.png,sseq,True,0,0.038851,21.8008138470782
blurred,0618_lp_dnn_5_keyboard_10_n03085013_26573.png,sseq,True,5,0.038745,58.7980625276688
blurred,0619_lp_dnn_0_chair_10_n04429376_7888.png,sseq,True,0,0.0388,26.8870143230776
blurred,0620_lp_dnn_5_chair_10_n03376595_899.png,sseq,True,5,0.042943,64.5544383242954
blurred,0621_lp_dnn_5_bicycle_10_n02835271_24207.png,sseq,True,5,0.038715,66.1493860429349
blurred,0622_lp_dnn_3_oven_10_n04111531_7329.png,sseq,True,3,0.038674,64.7922218096114
blurred,0623_lp_dnn_5_oven_10_n04111531_12942.png,sseq,True,5,0.038472,61.4186747016602
blurred,0624_lp_dnn_15_bear_10_n02134418_1978.png,sseq,True,15,0.03848,75.6753073465938
blurred,0626_lp_dnn_15_keyboard_10_n03085013_18797.png,sseq,True,15,0.040136,76.2451269841841
blurred,0627_lp_dnn_15_airplane_10_n02690373_5496.png,sseq,True,15,0.038566,75.0501651021231
blurred,0628_lp_dnn_15_oven_10_n04111531_21963.png,sseq,True,15,0.038275,80.7850477638006
blurred,0629_lp_dnn_0_bottle_10_n02823428_2918.png,sseq,True,0,0.038997,53.6053891518218
blurred,0630_lp_dnn_10_keyboard_10_n04505470_9570.png,sseq,True,10,0.038367,71.1744441317799
blurred,0631_lp_dnn_1_bird_10_n02002556_5977.png,sseq,True,1,0.03872,46.6743593333015
blurred,0633_lp_dnn_3_clock_10_n04548280_5765.png,sseq,True,3,0.038533,58.9840788769319
blurred,0634_lp_dnn_15_cat_10_n02123597_11940.png,sseq,True,15,0.038575,72.4335435668247
blurred,0635_lp_dnn_3_airplane_10_n02690373_3993.png,sseq,True,3,0.03884,62.7079656848054
blurred,0636_lp_dnn_7_chair_10_n04099969_3984.png,sseq,True,7,0.038574,65.6661472708588
blurred,0637_lp_dnn_3_airplane_10_n02690373_939.png,sseq,True,3,0.03938,52.3411859839878
blurred,0638_lp_dnn_1_car_10_n02814533_48541.png,sseq,True,1,0.042695,46.6584936599751
blurred,0639_lp_dnn_10_clock_10_n03196217_3986.png,sseq,True,10,0.038733,74.9556181961049
blurred,0640_lp_dnn_7_clock_10_n03196217_3006.png,sseq,True,7,0.039609,66.3817895558051
blurred,0643_lp_dnn_10_elephant_10_n02504458_3209.png,sseq,True,10,0.038622,76.2501873961126
blurred,0644_lp_dnn_3_dog_10_n02088364_4980.png,sseq,True,3,0.038887,57.5266517021056
blurred,0645_lp_dnn_0_elephant_10_n02504013_1187.png,sseq,True,0,0.039051,12.6324371040549
blurred,0646_lp_dnn_0_airplane_10_n02690373_20690.png,sseq,True,0,0.039819,49.3431387015785
blurred,0647_lp_dnn_10_bird_10_n01616318_2290.png,sseq,True,10,0.038449,70.6952503790539
blurred,0648_lp_dnn_1_bird_10_n02051845_1935.png,sseq,True,1,0.038416,44.355150560942
blurred,0649_lp_dnn_0_truck_10_n04467665_19131.png,sseq,True,0,0.038836,39.8712824039977
blurred,0650_lp_dnn_5_car_10_n03100240_2138.png,sseq,True,5,0.039589,71.0904247965866
blurred,0651_lp_dnn_10_elephant_10_n02504458_5197.png,sseq,True,10,0.039275,70.2227982106049
blurred,0652_lp_dnn_5_bird_10_n01819313_5504.png,sseq,True,5,0.03869,63.9119945782462
blurred,0653_lp_dnn_3_bird_10_n01560419_1470.png,sseq,True,3,0.03824,58.8717329504442
blurred,0654_lp_dnn_3_airplane_10_n02690373_8650.png,sseq,True,3,0.038421,63.9390325736857
blurred,0656_lp_dnn_1_clock_10_n04548280_9700.png,sseq,True,1,0.039934,32.7807774841662
blurred,0657_lp_dnn_5_knife_10_n03041632_5162.png,sseq,True,5,0.038658,63.0721263955791
blurred,0658_lp_dnn_10_airplane_10_n02690373_13326.png,sseq,True,10,0.038101,76.5154156498966
blurred,0659_lp_dnn_3_oven_10_n04111531_857.png,sseq,True,3,0.038247,59.9140861474228
blurred,0661_lp_dnn_0_airplane_10_n02690373_4269.png,sseq,True,0,0.038638,45.0158849243196
blurred,0662_lp_dnn_7_bicycle_10_n02835271_12608.png,sseq,True,7,0.038268,67.1159541320539
blurred,0663_lp_dnn_1_elephant_10_n02504458_4868.png,sseq,True,1,0.041062,46.2184674683028
blurred,0664_lp_dnn_7_chair_10_n03376595_11572.png,sseq,True,7,0.039972,65.5130528010769
blurred,0665_lp_dnn_10_cat_10_n02123045_1754.png,sseq,True,10,0.038708,73.2440475683979
blurred,0666_lp_dnn_7_bottle_10_n04560804_2002.png,sseq,True,7,0.038667,67.2592553551333
blurred,0667_lp_dnn_5_truck_10_n03796401_4878.png,sseq,True,5,0.03856,61.1659064762554
blurred,0670_lp_dnn_3_knife_10_n03041632_9256.png,sseq,True,3,0.038773,57.5785592591629
blurred,0671_lp_dnn_5_chair_10_n04429376_45302.png,sseq,True,5,0.039695,63.4893814945536
blurred,0672_lp_dnn_3_truck_10_n03417042_5508.png,sseq,True,3,0.038993,61.4832368385234
blurred,0673_lp_dnn_5_chair_10_n03376595_12326.png,sseq,True,5,0.03885,64.1236805339093
blurred,0674_lp_dnn_0_clock_10_n04548280_4391.png,sseq,True,0,0.038416,42.3929278407728
blurred,0675_lp_dnn_10_car_10_n03100240_4421.png,sseq,True,10,0.038539,70.3355494024293
blurred,0676_lp_dnn_3_dog_10_n02111500_7233.png,sseq,True,3,0.039281,62.3337096568073
blurred,0677_lp_dnn_1_bottle_10_n04591713_4232.png,sseq,True,1,0.039482,39.7485052922916
blurred,0678_lp_dnn_1_airplane_10_n02690373_5010.png,sseq,True,1,0.038633,45.7028879710575
blurred,0679_lp_dnn_10_bird_10_n01860187_27046.png,sseq,True,10,0.038403,74.1085369913147
blurred,0680_lp_dnn_10_car_10_n03100240_5136.png,sseq,True,10,0.038726,72.3206228550953
blurred,0681_lp_dnn_15_knife_10_n03041632_1884.png,sseq,True,15,0.038453,72.9201751343213
blurred,0682_lp_dnn_1_clock_10_n04548280_2809.png,sseq,True,1,0.038394,44.2488382901169
blurred,0683_lp_dnn_7_boat_10_n03662601_12308.png,sseq,True,7,0.038338,73.4646739056153
blurred,0684_lp_dnn_10_airplane_10_n02690373_7432.png,sseq,True,10,0.038465,81.1066136854932
blurred,0685_lp_dnn_7_bicycle_10_n03792782_6149.png,sseq,True,7,0.038266,66.9630795601019
blurred,0686_lp_dnn_10_chair_10_n04429376_24716.png,sseq,True,10,0.041062,67.8592328272802
blurred,0687_lp_dnn_0_bottle_10_n04557648_376.png,sseq,True,0,0.039944,24.2750725522612
blurred,0688_lp_dnn_10_cat_10_n02123394_3144.png,sseq,True,10,0.038902,73.8535846929523
blurred,0689_lp_dnn_3_dog_10_n02092002_12007.png,sseq,True,3,0.040108,60.0278347885867
blurred,0690_lp_dnn_15_bird_10_n02028035_33583.png,sseq,True,15,0.038537,74.5820347883202
blurred,0691_lp_dnn_15_bird_10_n01797886_904.png,sseq,True,15,0.038486,72.4692770069844
blurred,0692_lp_dnn_15_keyboard_10_n03085013_21397.png,sseq,True,15,0.038604,75.6347455885276
blurred,0694_lp_dnn_3_boat_10_n03662601_17665.png,sseq,True,3,0.038553,64.6897966293954
blurred,0695_lp_dnn_10_clock_10_n03196217_9160.png,sseq,True,10,0.038464,72.1051705907106
blurred,0696_lp_dnn_0_dog_10_n02100735_3595.png,sseq,True,0,0.03919,24.6930328530733
blurred,0697_lp_dnn_5_truck_10_n03796401_2656.png,sseq,True,5,0.038427,64.8131841291387
blurred,0699_lp_dnn_5_oven_10_n04111531_20953.png,sseq,True,5,0.038472,73.2665232979946
blurred,0700_lp_dnn_5_clock_10_n02708093_8051.png,sseq,True,5,0.038759,66.8671385602147
blurred,0701_lp_dnn_0_car_10_n03100240_11428.png,sseq,True,0,0.042443,15.1955855428263
blurred,0702_lp_dnn_1_bicycle_10_n02835271_12473.png,sseq,True,1,0.040136,34.0776321973759
blurred,0703_lp_dnn_10_chair_10_n02791124_6865.png,sseq,True,10,0.038791,68.7199982116941
blurred,0704_lp_dnn_15_chair_10_n03376595_4464.png,sseq,True,15,0.038749,73.6991210223944
blurred,0705_lp_dnn_0_airplane_10_n02690373_1051.png,sseq,True,0,0.038798,50.0272405445298
blurred,0706_lp_dnn_5_chair_10_n04429376_5789.png,sseq,True,5,0.038714,62.6793211905554
blurred,0707_lp_dnn_0_bird_10_n01592084_2971.png,sseq,True,0,0.03901,43.8567085022864
blurred,0708_lp_dnn_5_bicycle_10_n03792782_22760.png,sseq,True,5,0.038783,66.9651826619811
blurred,0710_lp_dnn_0_oven_10_n04111531_21173.png,sseq,True,0,0.038968,35.5688925289319
blurred,0711_lp_dnn_3_bottle_10_n04557648_32252.png,sseq,True,3,0.038432,60.2836783666223
blurred,0712_lp_dnn_5_cat_10_n02123597_13835.png,sseq,True,5,0.038729,61.9798688265243
blurred,0713_lp_dnn_10_knife_10_n03041632_11969.png,sseq,True,10,0.038207,70.0328249966726
blurred,0714_lp_dnn_5_cat_10_n02125311_22884.png,sseq,True,5,0.03995,63.280019946501
blurred,0715_lp_dnn_7_bear_10_n02134418_860.png,sseq,True,7,0.038842,68.6358074816944
blurred,0716_lp_dnn_0_car_10_n03100240_1696.png,sseq,True,0,0.039344,20.9806359417105
blurred,0717_lp_dnn_7_bird_10_n02018207_1606.png,sseq,True,7,0.039572,65.8040121586276
blurred,0719_lp_dnn_10_truck_10_n04467665_67861.png,sseq,True,10,0.038117,73.2261134683139
blurred,0720_lp_dnn_1_truck_10_n03417042_820.png,sseq,True,1,0.039259,47.2441990362385
blurred,0721_lp_dnn_7_elephant_10_n02504013_7774.png,sseq,True,7,0.038466,65.2211409602707
blurred,0722_lp_dnn_3_boat_10_n04273569_11445.png,sseq,True,3,0.042975,57.3767384596719
blurred,0723_lp_dnn_0_elephant_10_n02504458_5482.png,sseq,True,0,0.039304,15.2025513009573
blurred,0724_lp_dnn_10_clock_10_n03196217_454.png,sseq,True,10,0.038741,75.5121109770539
blurred,0726_lp_dnn_5_bottle_10_n02823428_4694.png,sseq,True,5,0.039039,68.1588980462328
blurred,0727_lp_dnn_3_truck_10_n03796401_24833.png,sseq,True,3,0.042226,60.887753227574
blurred,0728_lp_dnn_1_knife_10_n03041632_81943.png,sseq,True,1,0.040291,35.5312547033309
blurred,0729_lp_dnn_10_dog_10_n02100735_1764.png,sseq,True,10,0.039352,73.2048810809245
blurred,0730_lp_dnn_15_car_10_n02814533_36206.png,sseq,True,15,0.038921,71.773375920899
blurred,0731_lp_dnn_5_airplane_10_n02690373_7489.png,sseq,True,5,0.0392,67.3142777524287
blurred,0732_lp_dnn_10_oven_10_n04111531_3717.png,sseq,True,10,0.039714,69.9354847607621
blurred,0733_lp_dnn_7_oven_10_n04111531_2987.png,sseq,True,7,0.038878,76.377635443037
blurred,0734_lp_dnn_0_clock_10_n04548280_2169.png,sseq,True,0,0.038924,30.1585531231077
blurred,0736_lp_dnn_1_keyboard_10_n03085013_20303.png,sseq,True,1,0.038638,40.2530009860649
blurred,0737_lp_dnn_5_knife_10_n03041632_12748.png,sseq,True,5,0.039073,56.3011006030681
blurred,0738_lp_dnn_1_elephant_10_n02504458_1626.png,sseq,True,1,0.039093,39.4676924261697
blurred,0739_lp_dnn_5_car_10_n02814533_82372.png,sseq,True,5,0.042038,64.77578196994
blurred,0740_lp_dnn_1_boat_10_n03344393_5417.png,sseq,True,1,0.040105,37.7461458132869
blurred,0741_lp_dnn_0_bottle_10_n04591713_5465.png,sseq,True,0,0.039139,44.3463734209377
blurred,0742_lp_dnn_5_keyboard_10_n03085013_2594.png,sseq,True,5,0.038832,67.9715386755429
blurred,0743_lp_dnn_7_car_10_n03100240_1406.png,sseq,True,7,0.03841,70.4627915809336
blurred,0744_lp_dnn_7_cat_10_n02123159_6954.png,sseq,True,7,0.038327,67.9625018519212
blurred,0745_lp_dnn_15_bear_10_n02134084_8601.png,sseq,True,15,0.038434,73.7662514855556
blurred,0746_lp_dnn_5_cat_10_n02123045_1126.png,sseq,True,5,0.038817,65.6647722527104
blurred,0747_lp_dnn_7_car_10_n04285008_13094.png,sseq,True,7,0.03992,66.2596305888093
blurred,0748_lp_dnn_0_knife_10_n03041632_11741.png,sseq,True,0,0.039811,30.0008011007869
blurred,0749_lp_dnn_5_dog_10_n02091635_7361.png,sseq,True,5,0.03901,63.3935957223847
blurred,0750_lp_dnn_3_dog_10_n02113023_12640.png,sseq,True,3,0.043102,63.1933525401189
blurred,0752_lp_dnn_7_clock_10_n03196217_1272.png,sseq,True,7,0.040821,63.9347264842223
blurred,0753_lp_dnn_15_knife_10_n03041632_45264.png,sseq,True,15,0.040657,80.846556706864
blurred,0754_lp_dnn_7_keyboard_10_n04505470_5150.png,sseq,True,7,0.040876,77.361404343463
blurred,0755_lp_dnn_10_bear_10_n02134418_745.png,sseq,True,10,0.040353,71.7832656779315
blurred,0756_lp_dnn_0_cat_10_n02124075_10310.png,sseq,True,0,0.039872,39.0370814846753
blurred,0757_lp_dnn_3_bear_10_n02134418_14961.png,sseq,True,3,0.039468,59.9769665608884
blurred,0758_lp_dnn_1_chair_10_n02791124_3883.png,sseq,True,1,0.039288,45.9158604101306
blurred,0759_lp_dnn_3_boat_10_n02951358_33722.png,sseq,True,3,0.039017,59.9426801107683
blurred,0760_lp_dnn_1_bottle_10_n04557648_12301.png,sseq,True,1,0.038987,50.1643374090278
blurred,0761_lp_dnn_3_bear_10_n02133161_1480.png,sseq,True,3,0.03924,58.2816078209325
blurred,0762_lp_dnn_1_dog_10_n02091467_3403.png,sseq,True,1,0.039529,34.3212903200685
blurred,0764_lp_dnn_5_dog_10_n02113023_8535.png,sseq,True,5,0.039186,60.6096735326003
blurred,0765_lp_dnn_0_bicycle_10_n03792782_6546.png,sseq,True,0,0.039589,17.1418324693824
blurred,0766_lp_dnn_3_cat_10_n02125311_6283.png,sseq,True,3,0.039317,57.1164913316566
blurred,0768_lp_dnn_0_boat_10_n03344393_3452.png,sseq,True,0,0.039474,27.9649072927808
blurred,0769_lp_dnn_1_truck_10_n03417042_12235.png,sseq,True,1,0.039596,41.1743945204646
blurred,0770_lp_dnn_15_keyboard_10_n04505470_1479.png,sseq,True,15,0.040142,71.7021555547261
blurred,0771_lp_dnn_10_clock_10_n02708093_6572.png,sseq,True,10,0.039428,70.3011487871537
blurred,0772_lp_dnn_5_bird_10_n02011460_19314.png,sseq,True,5,0.039579,61.5602564124112
blurred,0773_lp_dnn_5_bird_10_n02009229_3118.png,sseq,True,5,0.039793,62.7303023841297
blurred,0774_lp_dnn_5_bear_10_n02133161_5616.png,sseq,True,5,0.040114,61.2556443066541
blurred,0775_lp_dnn_10_bicycle_10_n03792782_62398.png,sseq,True,10,0.040372,57.8892509640425
blurred,0776_lp_dnn_1_oven_10_n04111531_9289.png,sseq,True,1,0.040539,43.0181741971748
blurred,0777_lp_dnn_0_elephant_10_n02504013_3569.png,sseq,True,0,0.040616,10.50669583027
blurred,0778_lp_dnn_7_knife_10_n03041632_2153.png,sseq,True,7,0.040164,63.31709655936
blurred,0779_lp_dnn_1_oven_10_n04111531_10313.png,sseq,True,1,0.040787,39.7009662227115
blurred,0780_lp_dnn_7_elephant_10_n02504458_716.png,sseq,True,7,0.040052,70.0886400670155
blurred,0781_lp_dnn_5_clock_10_n04548280_1097.png,sseq,True,5,0.040192,57.8813615881256
blurred,0782_lp_dnn_15_knife_10_n03041632_40530.png,sseq,True,15,0.039842,83.2857410912765
blurred,0783_lp_dnn_15_truck_10_n04467665_3125.png,sseq,True,15,0.03995,62.8804677236972
blurred,0785_lp_dnn_1_bicycle_10_n02835271_942.png,sseq,True,1,0.041049,37.4768475995998
blurred,0786_lp_dnn_10_clock_10_n02708093_321.png,sseq,True,10,0.040239,72.9245521798624
blurred,0787_lp_dnn_7_car_10_n04285008_13156.png,sseq,True,7,0.040227,64.0762927391942
blurred,0788_lp_dnn_15_car_10_n02814533_58708.png,sseq,True,15,0.039709,73.340255050456
blurred,0789_lp_dnn_0_keyboard_10_n04505470_4599.png,sseq,True,0,0.040859,40.3588540800642
blurred,0790_lp_dnn_3_airplane_10_n02690373_7200.png,sseq,True,3,0.040461,62.6593550550589
blurred,0791_lp_dnn_7_airplane_10_n02690373_8789.png,sseq,True,7,0.040586,79.5956846172994
blurred,0792_lp_dnn_10_oven_10_n04111531_11634.png,sseq,True,10,0.040349,69.5930014725766
blurred,0794_lp_dnn_0_bird_10_n01833805_5839.png,sseq,True,0,0.040864,47.8675662996756
blurred,0795_lp_dnn_1_cat_10_n02125311_22037.png,sseq,True,1,0.041486,46.8804068999756
blurred,0796_lp_dnn_7_elephant_10_n02504458_4838.png,sseq,True,7,0.039609,68.2314604625726
blurred,0797_lp_dnn_7_bear_10_n02134418_826.png,sseq,True,7,0.038566,67.0799231685124
blurred,0798_lp_dnn_7_truck_10_n03417042_16856.png,sseq,True,7,0.0394,70.5871168985535
blurred,0799_lp_dnn_10_bird_10_n02013706_10026.png,sseq,True,10,0.038688,74.3565958360708
blurred,0800_lp_dnn_3_bottle_10_n02823428_7650.png,sseq,True,3,0.039148,59.33054102216
blurred,0801_lp_dnn_7_dog_10_n02088238_3078.png,sseq,True,7,0.03848,65.2757852100177
blurred,0802_lp_dnn_10_oven_10_n04111531_24096.png,sseq,True,10,0.038953,70.5465393491761
blurred,0803_lp_dnn_15_boat_10_n02951358_29341.png,sseq,True,15,0.038785,75.4262461426538
blurred,0804_lp_dnn_7_truck_10_n04467665_9521.png,sseq,True,7,0.03888,69.5532937756678
blurred,0805_lp_dnn_10_chair_10_n04429376_6308.png,sseq,True,10,0.038746,71.8176949353767
blurred,0806_lp_dnn_5_bicycle_10_n02835271_10814.png,sseq,True,5,0.038905,61.984037031692
blurred,0807_lp_dnn_5_bicycle_10_n02835271_13439.png,sseq,True,5,0.03577,64.3925135374851
blurred,0808_lp_dnn_1_airplane_10_n02690373_4079.png,sseq,True,1,0.037606,49.5521644645276
blurred,0809_lp_dnn_7_chair_10_n03376595_3499.png,sseq,True,7,0.037564,71.2943249869208
blurred,0810_lp_dnn_10_bicycle_10_n03792782_16290.png,sseq,True,10,0.039483,74.7486783904427
blurred,0811_lp_dnn_0_bottle_10_n03983396_16224.png,sseq,True,0,0.040014,24.4664944236183
blurred,0812_lp_dnn_1_truck_10_n03417042_20591.png,sseq,True,1,0.040241,44.8462648048139
blurred,0813_lp_dnn_15_cat_10_n02123394_5909.png,sseq,True,15,0.04649,77.1048705276363
blurred,0814_lp_dnn_7_chair_10_n02791124_6276.png,sseq,True,7,0.042096,66.9028209093605
blurred,0815_lp_dnn_10_bear_10_n02133161_396.png,sseq,True,10,0.040365,72.8947491129667
blurred,0816_lp_dnn_7_bottle_10_n03983396_6011.png,sseq,True,7,0.039968,68.3674257616353
blurred,0817_lp_dnn_10_chair_10_n03376595_1798.png,sseq,True,10,0.040603,71.9437751028863
blurred,0818_lp_dnn_7_bird_10_n01601694_10927.png,sseq,True,7,0.040635,63.2357287674177
blurred,0820_lp_dnn_10_clock_10_n03196217_2695.png,sseq,True,10,0.03991,73.9448067591723
blurred,0822_lp_dnn_3_bottle_10_n04591713_5019.png,sseq,True,3,0.04583,58.2151537626174
blurred,0823_lp_dnn_10_bottle_10_n02823428_3788.png,sseq,True,10,0.039036,75.1918806079329
blurred,0824_lp_dnn_1_bear_10_n02133161_1356.png,sseq,True,1,0.039341,40.6026794196932
blurred,0825_lp_dnn_15_car_10_n04285008_11714.png,sseq,True,15,0.038509,79.3430283287841
blurred,0826_lp_dnn_1_truck_10_n03417042_5768.png,sseq,True,1,0.038956,39.7256663288787
blurred,0828_lp_dnn_1_cat_10_n02124075_7579.png,sseq,True,1,0.038801,42.7944851801793
blurred,0829_lp_dnn_1_airplane_10_n02690373_7944.png,sseq,True,1,0.038862,48.2349558393057
blurred,0831_lp_dnn_5_dog_10_n02093256_6258.png,sseq,True,5,0.039913,62.7559093257248
blurred,0832_lp_dnn_10_elephant_10_n02504458_3648.png,sseq,True,10,0.039017,70.8563805473818
blurred,0835_lp_dnn_3_chair_10_n04429376_16952.png,sseq,True,3,0.039042,66.3193241076624
blurred,0836_lp_dnn_1_dog_10_n02113624_8023.png,sseq,True,1,0.039987,44.8246918642994
blurred,0838_lp_dnn_0_airplane_10_n02690373_9401.png,sseq,True,0,0.040382,27.3600393878015
blurred,0839_lp_dnn_0_truck_10_n03417042_22918.png,sseq,True,0,0.041295,24.9134669825677
blurred,0840_lp_dnn_15_bottle_10_n03937543_5678.png,sseq,True,15,0.040431,74.3201889035759
blurred,0841_lp_dnn_7_cat_10_n02123045_9184.png,sseq,True,7,0.040132,58.9524355847063
blurred,0842_lp_dnn_0_elephant_10_n02504458_908.png,sseq,True,0,0.04181,21.2093783939534
blurred,0843_lp_dnn_10_bird_10_n01532829_14545.png,sseq,True,10,0.040894,71.3968974742323
blurred,0844_lp_dnn_3_bear_10_n02134084_17875.png,sseq,True,3,0.041385,60.0490525135663
blurred,0846_lp_dnn_7_car_10_n02814533_3594.png,sseq,True,7,0.040938,68.2949128932606
blurred,0847_lp_dnn_7_oven_10_n04111531_9702.png,sseq,True,7,0.039907,61.8961463395973
blurred,0848_lp_dnn_1_bicycle_10_n03792782_51466.png,sseq,True,1,0.039867,40.5600380459499
blurred,0849_lp_dnn_15_knife_10_n03041632_1964.png,sseq,True,15,0.038724,73.1787598386778
blurred,0850_lp_dnn_7_bicycle_10_n02835271_7426.png,sseq,True,7,0.039137,68.980435283358
blurred,0851_lp_dnn_15_keyboard_10_n03085013_12079.png,sseq,True,15,0.038861,82.6012599623891
blurred,0852_lp_dnn_10_bicycle_10_n03792782_22620.png,sseq,True,10,0.039661,70.7639632393097
blurred,0854_lp_dnn_5_bottle_10_n04560804_2176.png,sseq,True,5,0.040389,63.3771315675224
blurred,0856_lp_dnn_15_airplane_10_n02690373_2521.png,sseq,True,15,0.040067,73.6135910808512
blurred,0857_lp_dnn_3_bicycle_10_n02835271_22355.png,sseq,True,3,0.040596,60.0172257334287
blurred,0858_lp_dnn_7_bear_10_n02134418_5326.png,sseq,True,7,0.040976,68.1988589885344
blurred,0859_lp_dnn_5_bottle_10_n03983396_8164.png,sseq,True,5,0.040431,64.9163783423088
blurred,0860_lp_dnn_1_keyboard_10_n03085013_21097.png,sseq,True,1,0.041254,48.8291585775243
blurred,0861_lp_dnn_0_elephant_10_n02504458_6835.png,sseq,True,0,0.040839,29.5026849235166
blurred,0862_lp_dnn_10_knife_10_n03041632_55711.png,sseq,True,10,0.040281,70.944005822992
blurred,0863_lp_dnn_15_truck_10_n03417042_3592.png,sseq,True,15,0.042915,74.4325845447912
blurred,0864_lp_dnn_7_dog_10_n02110806_23139.png,sseq,True,7,0.040817,67.8568462912187
blurred,0866_lp_dnn_0_oven_10_n04111531_1612.png,sseq,True,0,0.042338,20.6840645279422
blurred,0867_lp_dnn_3_bird_10_n01820546_5444.png,sseq,True,3,0.041118,59.02250440645
blurred,0868_lp_dnn_1_car_10_n02814533_43868.png,sseq,True,1,0.043496,43.6691023467231
blurred,0869_lp_dnn_15_elephant_10_n02504013_9393.png,sseq,True,15,0.041984,73.052774426284
blurred,0872_lp_dnn_0_bear_10_n02134418_5581.png,sseq,True,0,0.042313,10.5382004279898
blurred,0874_lp_dnn_5_bottle_10_n04557648_9493.png,sseq,True,5,0.041534,68.0694669703549
blurred,0875_lp_dnn_5_elephant_10_n02504013_22704.png,sseq,True,5,0.040238,60.8355408417709
blurred,0876_lp_dnn_5_car_10_n02814533_9634.png,sseq,True,5,0.040674,63.395583934747
blurred,0877_lp_dnn_5_bottle_10_n04560804_12411.png,sseq,True,5,0.04049,63.1405245115656
blurred,0878_lp_dnn_3_dog_10_n02112018_6635.png,sseq,True,3,0.040627,58.7348478086154
blurred,0880_lp_dnn_1_oven_10_n04111531_3072.png,sseq,True,1,0.043033,45.4908236372144
blurred,0881_lp_dnn_7_knife_10_n03041632_50423.png,sseq,True,7,0.041097,67.2624016234588
blurred,0882_lp_dnn_7_cat_10_n02123394_4232.png,sseq,True,7,0.039839,69.4072277232334
blurred,0884_lp_dnn_15_oven_10_n04111531_92.png,sseq,True,15,0.040292,74.5870325037273
blurred,0885_lp_dnn_1_truck_10_n03417042_18554.png,sseq,True,1,0.040925,48.8239943002637
blurred,0886_lp_dnn_10_knife_10_n03041632_95293.png,sseq,True,10,0.041084,68.9789283925198
blurred,0887_lp_dnn_3_clock_10_n04548280_5422.png,sseq,True,3,0.041081,52.6118030217148
blurred,0888_lp_dnn_15_bottle_10_n03937543_5512.png,sseq,True,15,0.040868,74.9137470713319
blurred,0890_lp_dnn_10_oven_10_n04111531_538.png,sseq,True,10,0.040647,69.793588789081
blurred,0891_lp_dnn_1_bird_10_n01820546_4609.png,sseq,True,1,0.040749,38.7485556474568
blurred,0892_lp_dnn_3_oven_10_n04111531_5204.png,sseq,True,3,0.041467,60.5911429212957
blurred,0893_lp_dnn_7_bottle_10_n02823428_2355.png,sseq,True,7,0.040543,62.3809333236736
blurred,0894_lp_dnn_5_elephant_10_n02504458_3059.png,sseq,True,5,0.039639,63.0634855149145
blurred,0895_lp_dnn_15_knife_10_n03041632_24326.png,sseq,True,15,0.039899,71.6404449517434
blurred,0896_lp_dnn_10_truck_10_n04467665_7975.png,sseq,True,10,0.040158,76.4578153561943
blurred,0897_lp_dnn_7_boat_10_n02951358_4551.png,sseq,True,7,0.041428,64.2200566584226
blurred,0898_lp_dnn_15_dog_10_n02107312_5733.png,sseq,True,15,0.045011,79.2931655263642
blurred,0899_lp_dnn_3_bear_10_n02132136_15407.png,sseq,True,3,0.04639,59.9703700070339
blurred,0901_lp_dnn_0_chair_10_n04099969_8032.png,sseq,True,0,0.051921,33.2063760699423
blurred,0902_lp_dnn_0_bear_10_n02134418_3952.png,sseq,True,0,0.042784,17.0107028750361
blurred,0903_lp_dnn_5_bottle_10_n04591713_3495.png,sseq,True,5,0.042383,65.1763861617125
blurred,0904_lp_dnn_1_chair_10_n03376595_6942.png,sseq,True,1,0.042763,49.4415749787809
blurred,0905_lp_dnn_15_chair_10_n02791124_634.png,sseq,True,15,0.04264,73.5479144679443
blurred,0908_lp_dnn_7_knife_10_n03041632_49513.png,sseq,True,7,0.039484,64.6716503693358
blurred,0909_lp_dnn_15_car_10_n03100240_5383.png,sseq,True,15,0.041008,73.2575639267982
blurred,0910_lp_dnn_3_clock_10_n04548280_289.png,sseq,True,3,0.039794,61.9321400219394
blurred,0911_lp_dnn_3_elephant_10_n02504013_9021.png,sseq,True,3,0.039683,59.8922965706979
blurred,0912_lp_dnn_15_elephant_10_n02504458_7477.png,sseq,True,15,0.039027,76.9327220052698
blurred,0913_lp_dnn_5_cat_10_n02125311_39208.png,sseq,True,5,0.038337,64.1957385939968
blurred,0914_lp_dnn_0_boat_10_n03662601_1947.png,sseq,True,0,0.039132,17.8385317260946
blurred,0915_lp_dnn_10_knife_10_n03041632_93026.png,sseq,True,10,0.039213,71.1328924902117
blurred,0916_lp_dnn_7_bicycle_10_n03792782_11950.png,sseq,True,7,0.03869,69.0929316397175
blurred,0918_lp_dnn_3_knife_10_n03041632_12949.png,sseq,True,3,0.038892,61.4293339732713
blurred,0919_lp_dnn_3_car_10_n02814533_3202.png,sseq,True,3,0.039316,58.8839149202888
blurred,0920_lp_dnn_7_bottle_10_n02823428_7630.png,sseq,True,7,0.038814,65.258088722017
blurred,0921_lp_dnn_7_knife_10_n03041632_45326.png,sseq,True,7,0.038132,68.7527151441169
blurred,0922_lp_dnn_0_car_10_n02814533_27571.png,sseq,True,0,0.040354,39.7715743030051
blurred,0923_lp_dnn_10_keyboard_10_n03085013_5542.png,sseq,True,10,0.039441,70.7494183822357
blurred,0925_lp_dnn_1_keyboard_10_n04505470_5112.png,sseq,True,1,0.039725,48.2893273066248
blurred,0926_lp_dnn_10_elephant_10_n02504458_11265.png,sseq,True,10,0.038933,70.7999264505144
blurred,0927_lp_dnn_0_bicycle_10_n02835271_12674.png,sseq,True,0,0.039046,22.8596054872462
blurred,0928_lp_dnn_3_keyboard_10_n04505470_5091.png,sseq,True,3,0.038488,62.0296313195217
blurred,0929_lp_dnn_7_boat_10_n03344393_3921.png,sseq,True,7,0.038591,69.0691724735572
blurred,0930_lp_dnn_0_boat_10_n02951358_15479.png,sseq,True,0,0.040213,49.1489234497745
blurred,0931_lp_dnn_7_clock_10_n04548280_4069.png,sseq,True,7,0.039707,61.1654103909554
blurred,0932_lp_dnn_15_truck_10_n03796401_25386.png,sseq,True,15,0.038665,80.3907720484553
blurred,0933_lp_dnn_0_cat_10_n02125311_35785.png,sseq,True,0,0.040356,28.6578409768756
blurred,0934_lp_dnn_15_keyboard_10_n03085013_22496.png,sseq,True,15,0.038583,75.3614199797051
blurred,0935_lp_dnn_15_oven_10_n04111531_11530.png,sseq,True,15,0.039263,76.689846029517
blurred,0936_lp_dnn_3_elephant_10_n02504013_1502.png,sseq,True,3,0.039186,62.5456897216051
blurred,0937_lp_dnn_5_car_10_n04285008_2880.png,sseq,True,5,0.038442,67.2196452355208
blurred,0938_lp_dnn_15_car_10_n04285008_9107.png,sseq,True,15,0.038517,73.6780346827403
blurred,0939_lp_dnn_10_elephant_10_n02504013_3197.png,sseq,True,10,0.038473,67.9718151477457
blurred,0940_lp_dnn_0_boat_10_n03344393_8599.png,sseq,True,0,0.039589,27.6132749799357
blurred,0941_lp_dnn_5_airplane_10_n02690373_6543.png,sseq,True,5,0.03881,67.2578868389102
blurred,0942_lp_dnn_5_chair_10_n04429376_1935.png,sseq,True,5,0.03862,61.5361467861086
blurred,0943_lp_dnn_15_chair_10_n04429376_24434.png,sseq,True,15,0.038506,71.7691326487411
blurred,0944_lp_dnn_3_chair_10_n04099969_5584.png,sseq,True,3,0.038387,60.7280016531089
blurred,0945_lp_dnn_3_car_10_n02814533_44079.png,sseq,True,3,0.038984,61.7896554485129
blurred,0946_lp_dnn_15_clock_10_n04548280_8892.png,sseq,True,15,0.038971,76.8641771611378
blurred,0947_lp_dnn_15_chair_10_n04429376_7123.png,sseq,True,15,0.039387,74.0488578389318
blurred,0948_lp_dnn_1_bear_10_n02133161_11333.png,sseq,True,1,0.03892,39.1459381690553
blurred,0949_lp_dnn_1_dog_10_n02097298_6466.png,sseq,True,1,0.038385,38.6916896502212
blurred,0951_lp_dnn_1_bicycle_10_n02835271_20920.png,sseq,True,1,0.038458,44.2026767850321
blurred,0952_lp_dnn_0_bottle_10_n02823428_40.png,sseq,True,0,0.038758,28.1596655387346
blurred,0953_lp_dnn_5_chair_10_n02791124_3731.png,sseq,True,5,0.03805,66.7310629322596
blurred,0954_lp_dnn_7_clock_10_n03196217_10578.png,sseq,True,7,0.038652,66.788483749597
blurred,0955_lp_dnn_0_airplane_10_n02690373_181.png,sseq,True,0,0.039652,39.2552792928546
blurred,0956_lp_dnn_1_airplane_10_n02690373_5266.png,sseq,True,1,0.039322,45.3857395259671
blurred,0957_lp_dnn_15_dog_10_n02101388_20966.png,sseq,True,15,0.038277,69.7757904788164
blurred,0958_lp_dnn_5_truck_10_n04467665_79452.png,sseq,True,5,0.038139,66.9612686727089
blurred,0959_lp_dnn_3_boat_10_n02951358_406.png,sseq,True,3,0.038506,61.2966243050146
blurred,0960_lp_dnn_1_truck_10_n03796401_2866.png,sseq,True,1,0.039035,39.5299485376438
blurred,0961_lp_dnn_7_chair_10_n03376595_3181.png,sseq,True,7,0.039065,65.9335959572933
blurred,0962_lp_dnn_7_bird_10_n01820546_1222.png,sseq,True,7,0.038911,64.0713292215745
blurred,0963_lp_dnn_1_bear_10_n02133161_195.png,sseq,True,1,0.040363,46.3264972667904
blurred,0964_lp_dnn_0_truck_10_n03417042_4557.png,sseq,True,0,0.039521,18.4564047796615
blurred,0965_lp_dnn_15_knife_10_n03041632_28443.png,sseq,True,15,0.038648,68.2254988671575
blurred,0966_lp_dnn_7_chair_10_n04099969_12456.png,sseq,True,7,0.038351,68.012309716217
blurred,0967_lp_dnn_1_keyboard_10_n03085013_20914.png,sseq,True,1,0.040898,39.3209804781146
blurred,0968_lp_dnn_7_truck_10_n03796401_7527.png,sseq,True,7,0.038626,74.17919712584
blurred,0970_lp_dnn_10_keyboard_10_n03085013_7285.png,sseq,True,10,0.039329,75.4019302109106
blurred,0971_lp_dnn_0_bird_10_n01855672_15005.png,sseq,True,0,0.039429,44.9232401893164
blurred,0972_lp_dnn_5_bear_10_n02132136_24311.png,sseq,True,5,0.03913,63.9605199297775
blurred,0973_lp_dnn_0_chair_10_n03376595_6107.png,sseq,True,0,0.039455,29.0563488670879
blurred,0974_lp_dnn_7_knife_10_n03041632_992.png,sseq,True,7,0.038839,69.6079590672421
blurred,0975_lp_dnn_5_clock_10_n04548280_4557.png,sseq,True,5,0.039319,63.3664581617372
blurred,0976_lp_dnn_7_boat_10_n02951358_2685.png,sseq,True,7,0.039169,68.8477961733409
blurred,0977_lp_dnn_3_oven_10_n04111531_4370.png,sseq,True,3,0.038928,70.4020777541255
blurred,0978_lp_dnn_5_elephant_10_n02504013_4424.png,sseq,True,5,0.03845,63.8208439182863
blurred,0979_lp_dnn_7_dog_10_n02098105_2343.png,sseq,True,7,0.038225,68.4328094624582
blurred,0980_lp_dnn_3_keyboard_10_n03085013_18841.png,sseq,True,3,0.038262,61.429478070468
blurred,0981_lp_dnn_0_airplane_10_n02690373_1386.png,sseq,True,0,0.038922,26.7544256369214
blurred,0982_lp_dnn_10_knife_10_n03041632_6309.png,sseq,True,10,0.038145,74.3416861305896
blurred,0983_lp_dnn_3_chair_10_n04429376_57621.png,sseq,True,3,0.038227,57.0347304379662
blurred,0984_lp_dnn_7_airplane_10_n02690373_9533.png,sseq,True,7,0.039141,73.2291367440022
blurred,0985_lp_dnn_15_airplane_10_n02690373_848.png,sseq,True,15,0.039225,77.7244300933096
blurred,0986_lp_dnn_15_cat_10_n02123159_737.png,sseq,True,15,0.039444,73.0018365797436
blurred,0987_lp_dnn_5_clock_10_n02708093_1794.png,sseq,True,5,0.039263,80.3075417412007
blurred,0988_lp_dnn_15_dog_10_n02108915_1114.png,sseq,True,15,0.038545,70.6402429535542
blurred,0989_lp_dnn_3_elephant_10_n02504013_1813.png,sseq,True,3,0.038638,60.2411118743845
blurred,0990_lp_dnn_3_bird_10_n01855032_8133.png,sseq,True,3,0.038386,57.2455714852221
blurred,0991_lp_dnn_1_oven_10_n04111531_15629.png,sseq,True,1,0.039634,40.5270545389125
blurred,0992_lp_dnn_5_clock_10_n03196217_743.png,sseq,True,5,0.038647,63.889460718363
blurred,0993_lp_dnn_1_bicycle_10_n03792782_22416.png,sseq,True,1,0.038793,38.7123811439582
blurred,0996_lp_dnn_15_bicycle_10_n03792782_54350.png,sseq,True,15,0.040031,72.3692545625263
blurred,0997_lp_dnn_1_keyboard_10_n03085013_23697.png,sseq,True,1,0.040592,42.8591172103397
blurred,0998_lp_dnn_10_bottle_10_n02823428_4983.png,sseq,True,10,0.039528,68.883745224772
blurred,0999_lp_dnn_5_bottle_10_n03937543_339.png,sseq,True,5,0.040687,66.3519491426635
blurred,1000_lp_dnn_7_truck_10_n03417042_28773.png,sseq,True,7,0.041925,68.9794872108991
blurred,1001_lp_dnn_15_truck_10_n03417042_10229.png,sseq,True,15,0.042966,73.5853604616287
blurred,1002_lp_dnn_7_keyboard_10_n03085013_22942.png,sseq,True,7,0.042789,64.8325898361927
blurred,1004_lp_dnn_1_bicycle_10_n02835271_14235.png,sseq,True,1,0.041778,38.8744841016595
blurred,1007_lp_dnn_7_bear_10_n02133161_14810.png,sseq,True,7,0.039124,68.4711161509422
blurred,1008_lp_dnn_10_bear_10_n02133161_5106.png,sseq,True,10,0.038718,72.8578082045675
blurred,1009_lp_dnn_3_truck_10_n03417042_6272.png,sseq,True,3,0.038987,60.5493873853221
blurred,1010_lp_dnn_10_elephant_10_n02504458_5379.png,sseq,True,10,0.03936,75.3462824063207
blurred,1011_lp_dnn_5_truck_10_n04467665_30023.png,sseq,True,5,0.038671,68.5339385183752
blurred,1012_lp_dnn_5_elephant_10_n02504458_10013.png,sseq,True,5,0.038653,65.8092698221267
blurred,1014_lp_dnn_7_bicycle_10_n02835271_2900.png,sseq,True,7,0.038727,62.5059542091723
blurred,1015_lp_dnn_5_elephant_10_n02504013_2974.png,sseq,True,5,0.038918,63.297737089853
blurred,1016_lp_dnn_15_cat_10_n02123045_20570.png,sseq,True,15,0.038859,83.2100508387688
blurred,1017_lp_dnn_3_boat_10_n03662601_14478.png,sseq,True,3,0.038593,58.1920358474596
blurred,1018_lp_dnn_10_bird_10_n02002556_5829.png,sseq,True,10,0.039062,82.2366671168594
blurred,1019_lp_dnn_0_bottle_10_n04591713_6235.png,sseq,True,0,0.038971,39.8889346773356
blurred,1020_lp_dnn_0_car_10_n02814533_10069.png,sseq,True,0,0.038861,22.9073555521283
blurred,1021_lp_dnn_1_bear_10_n02134418_3383.png,sseq,True,1,0.039441,46.6374313632473
blurred,1022_lp_dnn_15_bear_10_n02134418_5777.png,sseq,True,15,0.038491,72.5540475203151
blurred,1023_lp_dnn_0_knife_10_n03041632_32337.png,sseq,True,0,0.039459,32.2667715829789
blurred,1024_lp_dnn_10_truck_10_n03417042_12308.png,sseq,True,10,0.038339,69.4269022758826
blurred,1025_lp_dnn_10_car_10_n03100240_8670.png,sseq,True,10,0.038802,73.5614158334615
blurred,1026_lp_dnn_3_car_10_n03100240_7836.png,sseq,True,3,0.038356,61.5094122231597
blurred,1027_lp_dnn_15_bear_10_n02133161_1372.png,sseq,True,15,0.038239,80.1189352260103
blurred,1029_lp_dnn_10_cat_10_n02123597_3828.png,sseq,True,10,0.038133,72.2472375225394
blurred,1030_lp_dnn_0_keyboard_10_n03085013_8865.png,sseq,True,0,0.038605,31.2292548452261
blurred,1032_lp_dnn_1_truck_10_n03417042_9480.png,sseq,True,1,0.038562,43.3737490207473
blurred,1033_lp_dnn_1_elephant_10_n02504458_5766.png,sseq,True,1,0.03888,35.9232276559249
blurred,1034_lp_dnn_10_bird_10_n02006656_11017.png,sseq,True,10,0.038094,69.9470509003408
blurred,1035_lp_dnn_7_truck_10_n03417042_17545.png,sseq,True,7,0.03849,67.6020331467042
blurred,1036_lp_dnn_15_knife_10_n03041632_52848.png,sseq,True,15,0.038801,72.4436013684529
blurred,1037_lp_dnn_0_dog_10_n02088094_3274.png,sseq,True,0,0.040894,12.7585506676825
blurred,1038_lp_dnn_1_bottle_10_n04591713_360.png,sseq,True,1,0.038442,50.5643701374227
blurred,1039_lp_dnn_0_chair_10_n02791124_13033.png,sseq,True,0,0.039044,27.0678009191384
blurred,1040_lp_dnn_0_knife_10_n03041632_52702.png,sseq,True,0,0.038955,23.2100432504552
blurred,1041_lp_dnn_1_knife_10_n03041632_40887.png,sseq,True,1,0.038418,51.3405904598379
blurred,1042_lp_dnn_5_cat_10_n02123045_11034.png,sseq,True,5,0.038166,62.1647644891569
blurred,1043_lp_dnn_10_boat_10_n03662601_8067.png,sseq,True,10,0.03835,68.1960008988188
blurred,1044_lp_dnn_5_oven_10_n04111531_15682.png,sseq,True,5,0.038089,65.7448948703898
blurred,1045_lp_dnn_3_bird_10_n01582220_4078.png,sseq,True,3,0.038498,59.1800683503915
blurred,1046_lp_dnn_7_boat_10_n03344393_4234.png,sseq,True,7,0.039217,67.4341754055564
blurred,1047_lp_dnn_5_cat_10_n02123394_4164.png,sseq,True,5,0.038936,62.0686935410256
blurred,1048_lp_dnn_7_bear_10_n02132136_4888.png,sseq,True,7,0.038288,67.2499164094845
blurred,1049_lp_dnn_3_chair_10_n04099969_18463.png,sseq,True,3,0.038384,61.0040614844429
blurred,1050_lp_dnn_7_airplane_10_n02690373_2293.png,sseq,True,7,0.03824,74.4449866517721
blurred,1051_lp_dnn_3_clock_10_n03196217_8325.png,sseq,True,3,0.039087,64.9772243704656
blurred,1052_lp_dnn_5_knife_10_n03041632_43506.png,sseq,True,5,0.038775,63.3510949972924
blurred,1053_lp_dnn_3_airplane_10_n02690373_10462.png,sseq,True,3,0.038455,63.1217435162888
blurred,1054_lp_dnn_1_clock_10_n04548280_7951.png,sseq,True,1,0.038478,35.520649714199
blurred,1056_lp_dnn_7_dog_10_n02091467_13440.png,sseq,True,7,0.039163,64.8834685827037
blurred,1057_lp_dnn_7_airplane_10_n02690373_7370.png,sseq,True,7,0.038961,79.0305861555142
blurred,1058_lp_dnn_7_truck_10_n03796401_8212.png,sseq,True,7,0.038805,69.9007224220231
blurred,1059_lp_dnn_1_elephant_10_n02504013_3739.png,sseq,True,1,0.040554,39.4541279544024
blurred,1060_lp_dnn_0_elephant_10_n02504458_1933.png,sseq,True,0,0.040071,33.2220680762616
blurred,1062_lp_dnn_3_knife_10_n03041632_10000.png,sseq,True,3,0.040977,56.5393881065567
blurred,1063_lp_dnn_15_dog_10_n02107312_1538.png,sseq,True,15,0.03858,71.9792657843158
blurred,1064_lp_dnn_0_knife_10_n03041632_8528.png,sseq,True,0,0.039013,35.1772191705962
blurred,1066_lp_dnn_15_chair_10_n04429376_16192.png,sseq,True,15,0.038374,73.8184287322532
blurred,1067_lp_dnn_1_oven_10_n04111531_9427.png,sseq,True,1,0.039283,44.1135832644929
blurred,1068_lp_dnn_0_clock_10_n03196217_484.png,sseq,True,0,0.040494,43.4648637963094
blurred,1069_lp_dnn_3_elephant_10_n02504458_6348.png,sseq,True,3,0.038614,58.4946378134202
blurred,1070_lp_dnn_1_car_10_n03100240_1535.png,sseq,True,1,0.038718,41.6336491416337
blurred,1071_lp_dnn_10_clock_10_n02708093_135.png,sseq,True,10,0.038659,73.4812844531738
blurred,1072_lp_dnn_0_oven_10_n04111531_7189.png,sseq,True,0,0.039192,38.147876244437
blurred,1074_lp_dnn_15_bottle_10_n03937543_2759.png,sseq,True,15,0.038225,75.459970959662
blurred,1076_lp_dnn_5_knife_10_n03041632_18311.png,sseq,True,5,0.043752,65.6646960546688
blurred,1077_lp_dnn_10_cat_10_n02123394_1957.png,sseq,True,10,0.041036,73.2086883441291
blurred,1080_lp_dnn_3_chair_10_n04429376_18863.png,sseq,True,3,0.039101,58.7583845876959
blurred,1081_lp_dnn_15_boat_10_n04273569_103.png,sseq,True,15,0.038697,72.6303952182838
blurred,1082_lp_dnn_3_keyboard_10_n03085013_21030.png,sseq,True,3,0.039589,57.5852390758383
blurred,1083_lp_dnn_10_car_10_n02814533_13802.png,sseq,True,10,0.039136,76.2570624131539
blurred,1084_lp_dnn_0_clock_10_n04548280_3036.png,sseq,True,0,0.039957,35.4313996869674
blurred,1085_lp_dnn_5_keyboard_10_n04505470_4878.png,sseq,True,5,0.038648,61.2376069754314
blurred,1086_lp_dnn_7_keyboard_10_n03085013_6828.png,sseq,True,7,0.038713,65.7377762677685
blurred,1087_lp_dnn_5_cat_10_n02123394_1627.png,sseq,True,5,0.038768,65.7297192452313
blurred,1088_lp_dnn_7_boat_10_n02951358_30909.png,sseq,True,7,0.039196,69.8975621567962
blurred,1090_lp_dnn_15_bird_10_n02002724_383.png,sseq,True,15,0.038707,71.849278334855
blurred,1091_lp_dnn_3_dog_10_n02098105_1217.png,sseq,True,3,0.039672,61.5213622178905
blurred,1092_lp_dnn_10_clock_10_n03196217_8526.png,sseq,True,10,0.04051,73.8927975437336
blurred,1093_lp_dnn_3_boat_10_n03344393_5091.png,sseq,True,3,0.038604,62.7858811756459
blurred,1094_lp_dnn_1_clock_10_n04548280_821.png,sseq,True,1,0.038615,31.7752151327818
blurred,1096_lp_dnn_0_oven_10_n04111531_22388.png,sseq,True,0,0.038879,30.025231286923
blurred,1097_lp_dnn_7_truck_10_n03796401_7928.png,sseq,True,7,0.039196,73.8237087056719
blurred,1099_lp_dnn_1_car_10_n04285008_6154.png,sseq,True,1,0.038755,39.5877576484184
blurred,1100_lp_dnn_0_clock_10_n02708093_22.png,sseq,True,0,0.038537,32.1969130530743
blurred,1101_lp_dnn_0_clock_10_n03196217_6160.png,sseq,True,0,0.038811,41.2125334332618
blurred,1103_lp_dnn_0_cat_10_n02125311_21169.png,sseq,True,0,0.038847,25.4892527575005
blurred,1104_lp_dnn_15_oven_10_n04111531_5168.png,sseq,True,15,0.038069,73.5669553919484
blurred,1105_lp_dnn_1_chair_10_n02791124_66.png,sseq,True,1,0.038383,37.6464553217758
blurred,1106_lp_dnn_3_bottle_10_n04591713_5364.png,sseq,True,3,0.038402,64.6241943742574
blurred,1107_lp_dnn_3_bear_10_n02133161_8614.png,sseq,True,3,0.039137,58.3335180672457
blurred,1108_lp_dnn_3_truck_10_n03417042_7469.png,sseq,True,3,0.038286,59.4877526594611
blurred,1109_lp_dnn_15_cat_10_n02123159_7629.png,sseq,True,15,0.0381,77.8027698361186
blurred,1110_lp_dnn_7_bicycle_10_n03792782_1747.png,sseq,True,7,0.037835,70.6423228021539
blurred,1111_lp_dnn_1_clock_10_n04548280_5525.png,sseq,True,1,0.037905,48.2859230780056
blurred,1112_lp_dnn_0_cat_10_n02123045_4237.png,sseq,True,0,0.03854,8.9439221443879
blurred,1113_lp_dnn_7_car_10_n04285008_1674.png,sseq,True,7,0.040282,62.5890642331665
blurred,1114_lp_dnn_1_keyboard_10_n04505470_3852.png,sseq,True,1,0.038812,41.9280328684623
blurred,1115_lp_dnn_15_airplane_10_n02690373_2042.png,sseq,True,15,0.038341,85.9940698942284
blurred,1116_lp_dnn_0_dog_10_n02101006_17876.png,sseq,True,0,0.039839,33.3024688266553
blurred,1117_lp_dnn_10_clock_10_n02708093_6214.png,sseq,True,10,0.038331,68.7599066609134
blurred,1119_lp_dnn_0_bear_10_n02132136_2846.png,sseq,True,0,0.038501,25.9279197339852
blurred,1120_lp_dnn_3_chair_10_n04099969_12546.png,sseq,True,3,0.038168,55.9181901271442
blurred,1121_lp_dnn_7_boat_10_n04612504_12444.png,sseq,True,7,0.038356,69.9685320359569
blurred,1123_lp_dnn_3_truck_10_n03796401_3250.png,sseq,True,3,0.039054,60.8789316643806
blurred,1124_lp_dnn_0_car_10_n04285008_3961.png,sseq,True,0,0.039439,31.133106055505
blurred,1125_lp_dnn_3_car_10_n03100240_16466.png,sseq,True,3,0.03882,62.8792109920587
blurred,1126_lp_dnn_0_keyboard_10_n04505470_1105.png,sseq,True,0,0.039579,49.8690081441879
blurred,1127_lp_dnn_10_bear_10_n02132136_21799.png,sseq,True,10,0.040071,70.6484413453514
blurred,1128_lp_dnn_3_truck_10_n03417042_20133.png,sseq,True,3,0.041049,61.8102255456564
blurred,1129_lp_dnn_10_bird_10_n01843383_277.png,sseq,True,10,0.040887,64.3238420342095
blurred,1130_lp_dnn_3_knife_10_n03041632_13108.png,sseq,True,3,0.040619,62.1461809970434
blurred,1131_lp_dnn_10_bicycle_10_n03792782_42795.png,sseq,True,10,0.041233,68.3384073143481
blurred,1133_lp_dnn_3_bicycle_10_n02835271_2594.png,sseq,True,3,0.040836,60.5579704130266
blurred,1134_lp_dnn_0_chair_10_n03376595_13927.png,sseq,True,0,0.039488,33.3880541179699
blurred,1135_lp_dnn_1_chair_10_n03376595_8012.png,sseq,True,1,0.038607,46.3678462488069
blurred,1137_lp_dnn_3_airplane_10_n02690373_5870.png,sseq,True,3,0.039959,72.9268226725549
blurred,1138_lp_dnn_15_truck_10_n03796401_3495.png,sseq,True,15,0.040797,65.9668546246056
blurred,1139_lp_dnn_0_bear_10_n02134084_13075.png,sseq,True,0,0.041288,16.5611484556862
blurred,1140_lp_dnn_3_bicycle_10_n02835271_9440.png,sseq,True,3,0.040861,67.8331115660831
blurred,1141_lp_dnn_15_clock_10_n03196217_2488.png,sseq,True,15,0.040676,70.2983785562037
blurred,1142_lp_dnn_10_chair_10_n04429376_10341.png,sseq,True,10,0.04044,72.7919226571411
blurred,1143_lp_dnn_5_bear_10_n02132136_9965.png,sseq,True,5,0.040611,67.6077541230111
blurred,1144_lp_dnn_1_oven_10_n04111531_22445.png,sseq,True,1,0.040701,38.1335499139815
blurred,1145_lp_dnn_10_bottle_10_n03937543_1740.png,sseq,True,10,0.03974,64.5930117759982
blurred,1146_lp_dnn_3_bicycle_10_n03792782_72443.png,sseq,True,3,0.038845,59.5996448646069
blurred,1147_lp_dnn_5_keyboard_10_n03085013_23319.png,sseq,True,5,0.038419,61.6933895507738
blurred,1148_lp_dnn_0_bird_10_n01860187_10562.png,sseq,True,0,0.039215,25.1610737422784
blurred,1149_lp_dnn_5_oven_10_n04111531_585.png,sseq,True,5,0.038347,71.1899483054872
blurred,1151_lp_dnn_0_bicycle_10_n03792782_13281.png,sseq,True,0,0.039155,18.613961679365
blurred,1152_lp_dnn_3_car_10_n02814533_36174.png,sseq,True,3,0.039021,61.7142331911653
blurred,1154_lp_dnn_3_elephant_10_n02504458_10336.png,sseq,True,3,0.038738,58.5513823470363
blurred,1155_lp_dnn_10_bottle_10_n04591713_10065.png,sseq,True,10,0.038506,70.8277038763985
blurred,1156_lp_dnn_15_oven_10_n04111531_9113.png,sseq,True,15,0.038736,75.9172581904184
blurred,1157_lp_dnn_5_oven_10_n04111531_20493.png,sseq,True,5,0.038976,63.1062610029686
blurred,1158_lp_dnn_15_airplane_10_n02690373_6336.png,sseq,True,15,0.038661,82.8405844079021
blurred,1159_lp_dnn_7_oven_10_n04111531_13354.png,sseq,True,7,0.042986,67.3994293530544
blurred,1160_lp_dnn_15_bottle_10_n02823428_8114.png,sseq,True,15,0.042684,73.252050280589
blurred,1161_lp_dnn_5_dog_10_n02092339_4132.png,sseq,True,5,0.047607,64.692001262669
blurred,1162_lp_dnn_15_truck_10_n03417042_8121.png,sseq,True,15,0.039504,73.4950642273702
blurred,1164_lp_dnn_7_bottle_10_n04560804_15577.png,sseq,True,7,0.039115,65.4093345225789
blurred,1166_lp_dnn_1_bird_10_n01601694_3230.png,sseq,True,1,0.039608,47.4435640190394
blurred,1167_lp_dnn_10_clock_10_n02708093_6730.png,sseq,True,10,0.039241,70.4667797865342
blurred,1168_lp_dnn_10_cat_10_n02123045_5747.png,sseq,True,10,0.03914,71.6797595446124
blurred,1169_lp_dnn_1_bottle_10_n04579145_4162.png,sseq,True,1,0.03964,46.0935661276657
blurred,1170_lp_dnn_10_car_10_n03100240_1605.png,sseq,True,10,0.038857,72.1354810025961
blurred,1173_lp_dnn_0_boat_10_n02951358_31986.png,sseq,True,0,0.039098,22.0175360881732
blurred,1174_lp_dnn_3_cat_10_n02123597_72.png,sseq,True,3,0.038724,61.0827790720136
blurred,1175_lp_dnn_10_bicycle_10_n02835271_13862.png,sseq,True,10,0.038388,72.7031777928794
blurred,1176_lp_dnn_10_car_10_n03100240_6029.png,sseq,True,10,0.038823,71.3819877019048
blurred,1178_lp_dnn_3_bear_10_n02133161_10141.png,sseq,True,3,0.038896,59.9039785494672
blurred,1179_lp_dnn_15_boat_10_n04612504_13309.png,sseq,True,15,0.038518,85.0542748909981
blurred,1180_lp_dnn_15_cat_10_n02124075_13747.png,sseq,True,15,0.039095,73.8324049117303
blurred,1181_lp_dnn_0_bicycle_10_n03792782_9512.png,sseq,True,0,0.039216,27.0214227400358
blurred,1183_lp_dnn_10_airplane_10_n02690373_1862.png,sseq,True,10,0.03865,76.3439697475698
blurred,1184_lp_dnn_1_knife_10_n03041632_24798.png,sseq,True,1,0.038554,40.2825954869104
blurred,1185_lp_dnn_10_airplane_10_n02690373_2580.png,sseq,True,10,0.039655,69.8745989808575
blurred,1186_lp_dnn_3_elephant_10_n02504013_3418.png,sseq,True,3,0.039796,58.5725757753104
blurred,1187_lp_dnn_5_bear_10_n02132136_9815.png,sseq,True,5,0.039389,63.4450155211342
blurred,1188_lp_dnn_1_elephant_10_n02504458_3985.png,sseq,True,1,0.040731,42.9864823653903
blurred,1189_lp_dnn_3_car_10_n04285008_3410.png,sseq,True,3,0.04038,60.1071479343536
blurred,1191_lp_dnn_0_dog_10_n02109961_1223.png,sseq,True,0,0.040849,31.6152692574731
blurred,1192_lp_dnn_5_bear_10_n02134084_20723.png,sseq,True,5,0.040164,62.0387850798274
blurred,1193_lp_dnn_5_knife_10_n03041632_25022.png,sseq,True,5,0.039414,64.2104601915303
blurred,1194_lp_dnn_3_knife_10_n03041632_80829.png,sseq,True,3,0.04029,58.9758356242795
blurred,1195_lp_dnn_0_oven_10_n04111531_19274.png,sseq,True,0,0.040027,42.3482436315015
blurred,1196_lp_dnn_5_boat_10_n02951358_12432.png,sseq,True,5,0.038783,71.9447214190321
blurred,1197_lp_dnn_5_bird_10_n02025239_10733.png,sseq,True,5,0.038624,63.892179528523
blurred,1198_lp_dnn_0_bicycle_10_n02835271_24213.png,sseq,True,0,0.03947,24.0754859938619
blurred,1199_lp_dnn_7_bottle_10_n03983396_12042.png,sseq,True,7,0.040089,63.1239539437434
blurred,1200_lp_dnn_15_bear_10_n02134418_3799.png,sseq,True,15,0.039736,76.1559643890507
blurred,1201_lp_dnn_3_bear_10_n02134084_21577.png,sseq,True,3,0.040987,60.758383135678
blurred,1202_lp_dnn_7_airplane_10_n02690373_5146.png,sseq,True,7,0.039798,77.2711598588868
blurred,1203_lp_dnn_0_boat_10_n03344393_3349.png,sseq,True,0,0.039997,36.8699563680647
blurred,1204_lp_dnn_3_bird_10_n01855672_3491.png,sseq,True,3,0.039365,58.5611849252897
blurred,1205_lp_dnn_10_dog_10_n02102040_6068.png,sseq,True,10,0.047411,70.2604312836608
blurred,1207_lp_dnn_15_car_10_n02814533_82674.png,sseq,True,15,0.040659,72.6521867972006
blurred,1208_lp_dnn_10_keyboard_10_n03085013_14351.png,sseq,True,10,0.041817,68.2122287594826
blurred,1209_lp_dnn_3_oven_10_n04111531_12725.png,sseq,True,3,0.041289,59.414497768706
blurred,1210_lp_dnn_7_bicycle_10_n02835271_769.png,sseq,True,7,0.041182,62.145265972804
blurred,1211_lp_dnn_3_truck_10_n04467665_16069.png,sseq,True,3,0.041996,69.2232235154599
blurred,1212_lp_dnn_10_dog_10_n02088094_9379.png,sseq,True,10,0.041309,69.3191841293214
blurred,1213_lp_dnn_1_knife_10_n03041632_45338.png,sseq,True,1,0.041754,46.3214528227446
blurred,1214_lp_dnn_15_elephant_10_n02504458_6050.png,sseq,True,15,0.040678,78.3381748322772
blurred,1215_lp_dnn_5_truck_10_n04467665_31059.png,sseq,True,5,0.039781,71.7960092372669
blurred,1216_lp_dnn_0_oven_10_n04111531_136.png,sseq,True,0,0.040328,26.9024924918175
blurred,1217_lp_dnn_10_boat_10_n03662601_8554.png,sseq,True,10,0.0404,72.1518806424806
blurred,1219_lp_dnn_0_boat_10_n02951358_29756.png,sseq,True,0,0.040154,35.3484767216806
blurred,1220_lp_dnn_0_cat_10_n02123597_2370.png,sseq,True,0,0.040349,32.2475814058392
blurred,1221_lp_dnn_15_airplane_10_n02690373_19329.png,sseq,True,15,0.039775,79.793667276069
blurred,1222_lp_dnn_5_keyboard_10_n03085013_18785.png,sseq,True,5,0.039805,64.382874385737
blurred,1223_lp_dnn_3_knife_10_n03041632_19866.png,sseq,True,3,0.039597,61.4445107547974
blurred,1224_lp_dnn_7_chair_10_n03376595_4190.png,sseq,True,7,0.040247,66.792667296309
blurred,1225_lp_dnn_1_cat_10_n02124075_7663.png,sseq,True,1,0.040317,43.6280152457232
blurred,1226_lp_dnn_10_boat_10_n03344393_4482.png,sseq,True,10,0.039374,81.21116538255
blurred,1227_lp_dnn_7_bird_10_n02018795_500.png,sseq,True,7,0.039621,69.4349853278699
blurred,1229_lp_dnn_15_bird_10_n01819313_5131.png,sseq,True,15,0.039664,76.0071209334817
blurred,1230_lp_dnn_7_oven_10_n04111531_21068.png,sseq,True,7,0.040619,71.1884231608599
blurred,1231_lp_dnn_1_dog_10_n02091635_5740.png,sseq,True,1,0.040014,41.53565521089
blurred,1232_lp_dnn_15_bird_10_n01582220_17430.png,sseq,True,15,0.039108,71.929672509931
blurred,1233_lp_dnn_0_boat_10_n03344393_5350.png,sseq,True,0,0.04024,13.261271396761
blurred,1235_lp_dnn_0_car_10_n04285008_11290.png,sseq,True,0,0.041057,26.5079992979251
blurred,1236_lp_dnn_1_bicycle_10_n03792782_46807.png,sseq,True,1,0.040229,49.0303767135403
blurred,1238_lp_dnn_5_bird_10_n01530575_10367.png,sseq,True,5,0.039853,66.2367088240153
blurred,1240_lp_dnn_7_elephant_10_n02504013_7674.png,sseq,True,7,0.039813,66.4878915926148
blurred,1241_lp_dnn_3_bottle_10_n04560804_19001.png,sseq,True,3,0.041302,63.4265137731187
blurred,1242_lp_dnn_10_bottle_10_n04557648_7601.png,sseq,True,10,0.041592,67.2428654077694
blurred,1243_lp_dnn_1_airplane_10_n02690373_9328.png,sseq,True,1,0.041345,42.7830905584761
blurred,1244_lp_dnn_1_chair_10_n03376595_9054.png,sseq,True,1,0.041306,40.2011045462237
blurred,1245_lp_dnn_7_bottle_10_n04591713_6971.png,sseq,True,7,0.04161,71.8312925506543
blurred,1246_lp_dnn_7_keyboard_10_n03085013_18830.png,sseq,True,7,0.040996,67.8195996640973
blurred,1247_lp_dnn_0_knife_10_n03041632_3023.png,sseq,True,0,0.043022,34.7797010429741
blurred,1248_lp_dnn_5_car_10_n03100240_7385.png,sseq,True,5,0.041672,66.5022496290732
blurred,1249_lp_dnn_7_bird_10_n01829413_3550.png,sseq,True,7,0.041815,58.1185420649412
blurred,1252_lp_dnn_7_elephant_10_n02504013_7001.png,sseq,True,7,0.041347,73.4093404320802
blurred,1253_lp_dnn_1_elephant_10_n02504458_11345.png,sseq,True,1,0.041911,40.02256703611
blurred,1254_lp_dnn_5_boat_10_n03662601_2743.png,sseq,True,5,0.042341,69.371034880677
blurred,1255_lp_dnn_15_clock_10_n03196217_3140.png,sseq,True,15,0.041563,78.4315574734117
blurred,1256_lp_dnn_1_bear_10_n02132136_22604.png,sseq,True,1,0.042041,29.3380455166416
blurred,1257_lp_dnn_15_knife_10_n03041632_42887.png,sseq,True,15,0.040714,73.9768619993168
blurred,1258_lp_dnn_10_airplane_10_n02690373_18468.png,sseq,True,10,0.040833,69.9136359241015
blurred,1260_lp_dnn_10_bear_10_n02134084_24187.png,sseq,True,10,0.039604,74.3439443787692
blurred,1262_lp_dnn_7_dog_10_n02092339_2636.png,sseq,True,7,0.041302,67.9904103214977
blurred,1263_lp_dnn_3_keyboard_10_n03085013_8136.png,sseq,True,3,0.049741,60.7120426440566
blurred,1264_lp_dnn_1_bottle_10_n04557648_6373.png,sseq,True,1,0.042913,38.2991995728894
blurred,1265_lp_dnn_0_bicycle_10_n02835271_14966.png,sseq,True,0,0.041306,37.2611951389026
blurred,1266_lp_dnn_5_keyboard_10_n03085013_15295.png,sseq,True,5,0.039889,70.6608608489247
blurred,1269_lp_dnn_7_oven_10_n04111531_2086.png,sseq,True,7,0.041529,67.2724639461831
blurred,1270_lp_dnn_1_car_10_n03100240_595.png,sseq,True,1,0.0412,41.4582009172392
blurred,1272_lp_dnn_7_airplane_10_n02690373_10131.png,sseq,True,7,0.04146,65.2808070878844
blurred,1273_lp_dnn_5_bear_10_n02134418_3531.png,sseq,True,5,0.041891,61.7481885062486
blurred,1274_lp_dnn_10_car_10_n04285008_4811.png,sseq,True,10,0.041097,77.666931135654
blurred,1275_lp_dnn_3_dog_10_n02104365_3580.png,sseq,True,3,0.039932,56.7805027853448
blurred,1276_lp_dnn_3_bird_10_n01616318_6874.png,sseq,True,3,0.043105,56.1209278201378
blurred,1277_lp_dnn_3_oven_10_n04111531_1002.png,sseq,True,3,0.038316,58.462509538522
blurred,1278_lp_dnn_5_bear_10_n02134084_6606.png,sseq,True,5,0.039217,62.1375035838578
blurred,1279_lp_dnn_3_knife_10_n03041632_19098.png,sseq,True,3,0.039507,60.6011429232054
blurred,1280_lp_dnn_5_boat_10_n04273569_22274.png,sseq,True,5,0.039903,66.4370512736008
